c ---- [ banner ] ------------------------------------------------------------
c
c Kissat SAT Solver
c 
c Copyright (c) 2021-2024 Armin Biere University of Freiburg
c Copyright (c) 2019-2021 Armin Biere Johannes Kepler University Linz
c 
c Version sc2024 d776b9e1002a822b821e1926835145300580fbea
c gcc (Ubuntu 13.3.0-6ubuntu2~24.04) 13.3.0 -W -Wall -O3 -DNDEBUG
c Mon Sep 22 15:53:48 -03 2025 Linux Eyvel 6.8.0-83-generic x86_64
c
c ---- [ parsing ] -----------------------------------------------------------
c
c opened and reading DIMACS file:
c
c   q1010.cnf
c
c parsed 'p cnf 1100 32440' header
c closing input after reading 198670 bytes (194 KB)
c finished parsing after 0.00 seconds
c
c ---- [ solving ] -----------------------------------------------------------
c
c  seconds switched rate     size/glue tier1  binary       remaining
c         MB reductions conflicts size  tier2    irredundant
c          level restarts redundant glue  trail       variables
c
c *  0.00  4 0 0 0  0 0   0   0 0.0 0 0 0 0 0% 16170 100 1100 100%
c (  0.00  4 0 0 0  0 0   0   0 0.0 0 0 0 0 0% 16170 100 1100 100%
c .  0.00  4 0 0 0  0 0   0   0 0.0 0 0 0 0 0% 16170 100 1100 100%
c f  0.03  4 0 0 0  0 0   0   0 0.0 0 0 0 0 0% 8868 100 2482 226%
c e  0.05  5 0 0 0  0 0   0   0 0.0 0 0 0 0 0% 8722 1077 1739 158%
c )  0.05  5 0 0 0  0 0   0   0 0.0 0 0 0 0 0% 8722 1077 1739 158%
c {  0.05  5 0 0 0  0 0   0   0 0.0 0 0 2 6 0% 8722 1077 1739 158%
c -  0.05  5 11 0 1 73 1 1006 423 1.3 11 9 7 10 16% 8722 1077 1739 158%
c }  0.05  5 11 1 1 73 1 1006 423 1.3 11 9 7 10 16% 8722 1077 1739 158%
c [  0.05  5 0 1 1 73 0 1006 423 0.0 0 0 2 6 0% 8722 1077 1739 158%
c B  0.05  5 0 1 1 73 0 1006 423 0.0 0 0 2 6 0% 8722 1077 1739 158%
c ]  0.06  5 21 2 1 73 1 2003 1066 1.3 15 12 9 15 17% 8722 1077 1739 158%
c {  0.06  5 11 2 1 73 1 2003 1066 1.3 11 9 7 10 16% 8722 1077 1739 158%
c -  0.06  5 11 2 2 73 1 2007 1046 1.3 11 9 7 10 16% 8722 1077 1739 158%
c u  0.07  5 10 2 2 78 1 2958 1157 1.3 11 8 7 9 17% 8722 1077 1739 158%
c v  0.07  5 10 2 2 78 1 2958 836 1.3 11 8 7 9 17% 8722 1077 1739 158%
c w  0.07  5 10 2 2 78 1 2958 659 1.3 11 8 7 9 17% 8722 1077 1739 158%
c f  0.08  5 10 2 2 78 1 2958 659 1.3 11 8 7 9 17% 7903 1077 2249 204%
c u  0.08  5 10 2 2 78 1 2958 587 1.3 11 8 7 9 17% 7903 1077 2249 204%
c v  0.08  5 10 2 2 78 1 2958 568 1.3 11 8 7 9 17% 7903 1077 2249 204%
c
c  seconds  switched rate      size/glue tier1    binary       remaining
c         MB reductions conflicts    size  tier2    irredundant
c          level restarts  redundant   glue   trail       variables
c
c w  0.09  5 10 2 2 78 1 2958 568 1.3 11 8 7 9 17% 7903 1077 2249 204%
c }  0.11  5 10 3 2 94 1 3005 609 1.3 11 8 7 9 17% 7903 1077 2249 204%
c [  0.11  5 21 3 2 94 1 3005 609 1.3 15 12 9 15 17% 7903 1077 2249 204%
c W  0.11  5 21 3 2 94 1 3005 609 1.3 15 12 9 15 17% 7903 1077 2249 204%
c -  0.12  5 63 3 3 94 1 3422 867 1.5 30 20 11 41 32% 7903 1077 2249 204%
c ]  0.12  6 68 4 3 94 1 3492 937 1.5 32 21 11 41 34% 7903 1077 2249 204%
c {  0.12  6 10 4 3 94 1 3492 937 1.3 11 8 7 9 17% 7903 1077 2249 204%
c -  0.18  6 47 4 4 713 17 5154 2352 1.4 24 17 7 14 38% 7903 1077 2249 204%
c }  0.20  7 54 5 4 982 20 5844 3038 1.4 26 19 7 14 42% 7903 1077 2249 204%
c [  0.20  7 68 5 4 982 1 5844 3038 1.5 32 21 11 41 34% 7903 1077 2249 204%
c I  0.20  7 68 5 4 982 1 5844 3038 1.5 32 21 11 41 34% 7903 1077 2249 204%
c -  0.23  8 132 5 5 983 2 7155 3768 1.5 58 37 18 59 47% 7903 1077 2249 204%
c u  0.29  9 121 5 5 984 2 9185 5673 1.5 65 43 18 59 54% 7903 1077 2249 204%
c v  0.29  9 121 5 5 984 2 9185 5646 1.5 65 43 18 59 54% 7903 1077 2249 204%
c w  0.30  9 121 5 5 984 2 9185 5646 1.5 65 43 18 59 54% 7903 1077 2249 204%
c -  0.32  7 119 5 6 984 2 9393 4337 1.5 66 43 18 61 54% 7903 1077 2249 204%
c B  0.32  7 118 5 6 984 2 9615 4552 1.5 66 43 18 61 55% 7903 1077 2249 204%
c ]  0.34  7 114 6 6 985 2 10176 5067 1.5 67 44 18 61 55% 7903 1077 2249 204%
c {  0.34  7 54 6 6 985 20 10176 5067 1.4 26 19 7 14 42% 7903 1077 2249 204%
c o  0.34  7 54 6 6 993 20 10197 5088 1.4 26 19 7 14 42% 7903 1077 2249 204%
c
c  seconds  switched    rate        size/glue  tier1     binary       remaining
c         MB reductions   conflicts       size   tier2     irredundant
c          level  restarts     redundant     glue    trail       variables
c
c -  0.41  7 93 6 7 1450 30 11842 5234 1.5 33 22 8 26 46% 7903 1077 2249 204%
c }  0.50  7 122 7 7 2095 38 14245 7606 1.6 37 24 8 26 49% 7903 1077 2249 204%
c [  0.50  7 114 7 7 2095 2 14245 7606 1.5 67 44 18 61 55% 7903 1077 2249 204%
c -  0.51  7 117 7 8 2095 2 14490 6385 1.5 68 44 19 61 56% 7903 1077 2249 204%
c e  0.52  7 120 7 8 2095 2 14787 6660 1.6 70 45 19 61 56% 7883 1095 2239 204%
c ^  0.52  7 120 7 8 2095 2 14787 6660 1.6 70 45 19 61 56% 7883 1095 2239 204%
c W  0.53  7 125 7 8 2095 2 15145 5821 1.5 70 45 19 61 56% 7883 1095 2239 204%
c -  0.59  7 109 7 9 2097 2 17318 6115 1.6 67 43 19 55 59% 7883 1095 2239 204%
c u  0.63  7 100 7 9 2098 2 18857 7527 1.6 66 42 19 55 60% 7883 1095 2239 204%
c v  0.65  9 100 7 9 2098 2 18857 7488 1.6 66 42 19 55 60% 7883 1095 2239 204%
c w  0.66 10 100 7 9 2098 2 18857 7488 1.6 66 42 19 55 60% 7883 1095 2239 204%
c f  0.66 10 100 7 9 2098 2 18857 7488 1.6 66 42 19 55 60% 7881 1095 2240 204%
c u  0.67  8 100 7 9 2098 2 18857 7485 1.6 66 42 19 55 60% 7881 1095 2240 204%
c v  0.68  8 100 7 9 2098 2 18857 7458 1.6 66 42 19 55 60% 7881 1095 2240 204%
c w  0.69  9 100 7 9 2098 2 18857 7458 1.6 66 42 19 55 60% 7881 1095 2240 204%
c -  0.77  9 93 7 10 2099 1 20318 6687 1.6 64 41 19 47 61% 7881 1095 2240 204%
c ]  0.82  9 87 8 10 2100 1 21933 8110 1.5 63 41 19 47 62% 7881 1095 2240 204%
c {  0.82  9 122 8 10 2100 38 21933 8110 1.6 37 24 8 26 49% 7881 1095 2240 204%
c o  0.82  9 122 8 10 2104 37 21951 8127 1.6 37 24 8 26 49% 7881 1095 2240 204%
c -  0.87  9 115 8 11 2360 34 23480 7652 1.6 38 24 9 31 51% 7881 1095 2240 204%
c
c  seconds   switched     rate        size/glue  tier1      binary       remaining
c         MB   reductions   conflicts       size    tier2     irredundant
c           level   restarts     redundant     glue     trail       variables
c
c -  0.96  9 105 8 12 2802 29 26797 9051 1.6 40 25 13 32 55% 7881 1095 2240 204%
c }  1.00  9 103 9 12 2967 27 28093 10326 1.6 41 25 13 32 55% 7881 1095 2240 204%
c [  1.00  9 87 9 12 2967 1 28093 10326 1.5 63 41 19 47 62% 7881 1095 2240 204%
c O  1.00  9 87 9 12 2967 1 28093 10326 1.5 63 41 19 47 62% 7881 1095 2240 204%
c e  1.04  9 82 9 12 2968 1 29750 11777 1.5 60 39 19 44 62% 8182 1106 1928 175%
c ^  1.04  9 82 9 12 2968 1 29750 11777 1.5 60 39 19 44 62% 8182 1106 1928 175%
c -  1.05 10 81 9 13 2969 1 30261 7424 1.5 60 39 19 44 62% 8182 1106 1928 175%
c u  1.11 10 77 9 13 2969 1 32176 9130 1.5 59 39 19 44 63% 8182 1106 1928 175%
c v  1.12 10 77 9 13 2969 1 32176 9092 1.5 59 39 19 44 63% 8182 1106 1928 175%
c w  1.12 10 77 9 13 2969 1 32176 9026 1.5 59 39 19 44 63% 8182 1106 1928 175%
c f  1.13 10 77 9 13 2969 1 32176 9026 1.5 59 39 19 44 63% 8167 1106 1933 176%
c u  1.14 10 77 9 13 2969 1 32176 8986 1.5 59 39 19 44 63% 8167 1106 1933 176%
c v  1.15 10 77 9 13 2969 1 32176 8947 1.5 59 39 19 44 63% 8167 1106 1933 176%
c w  1.16 10 77 9 13 2969 1 32176 8927 1.5 59 39 19 44 63% 8167 1106 1933 176%
c -  1.21 10 74 9 14 2971 1 33872 8279 1.5 57 38 19 43 63% 8167 1106 1933 176%
c ]  1.26 10 71 10 14 2972 1 35759 9974 1.5 56 37 19 43 63% 8167 1106 1933 176%
c {  1.26 10 103 10 14 2972 27 35759 9974 1.6 41 25 13 32 55% 8167 1106 1933 176%
c -  1.30 10 99 10 15 3132 25 37613 10019 1.6 42 25 15 32 57% 8167 1106 1933 176%
c -  1.40 10 95 10 16 3518 22 41485 11671 1.7 43 26 17 33 59% 8167 1106 1933 176%
c o  1.42 10 95 10 16 3592 22 42100 12269 1.7 43 26 17 33 59% 8167 1106 1933 176%
c
c  seconds   switched     rate         size/glue  tier1      binary       remaining
c         MB   reductions   conflicts        size    tier2     irredundant
c          level    restarts      redundant     glue     trail       variables
c
c }  1.47 10 93 11 16 3806 20 44386 14524 1.7 44 26 17 33 60% 8167 1106 1933 176%
c [  1.47 10 71 11 16 3806 1 44386 14524 1.5 56 37 19 43 63% 8167 1106 1933 176%
c B  1.47 10 71 11 16 3806 1 44386 14524 1.5 56 37 19 43 63% 8167 1106 1933 176%
c -  1.51 10 70 11 17 3807 1 45486 12528 1.5 56 37 19 41 64% 8167 1106 1933 176%
c u  1.63 10 67 11 17 3809 1 49249 15965 1.5 55 38 19 41 65% 8167 1106 1933 176%
c v  1.65 10 67 11 17 3809 1 49249 15960 1.5 55 38 19 41 65% 8167 1106 1933 176%
c w  1.66 11 67 11 17 3809 1 49249 15867 1.5 55 38 19 41 65% 8167 1106 1933 176%
c -  1.68 11 67 11 18 3810 1 49609 12263 1.5 55 38 19 41 65% 8167 1106 1933 176%
c ]  1.74 11 65 12 18 3811 1 51430 13878 1.5 55 38 19 41 65% 8167 1106 1933 176%
c {  1.74 11 93 12 18 3811 20 51430 13878 1.7 44 26 17 33 60% 8167 1106 1933 176%
c -  1.80 11 90 12 19 3927 19 53852 13243 1.7 45 26 19 33 61% 8167 1106 1933 176%
c -  1.91 11 88 12 20 4187 17 58210 15489 1.8 46 26 20 33 62% 8167 1106 1933 176%
c e  2.01 11 86 12 20 4480 16 62041 19252 1.8 47 26 20 33 63% 8379 1112 1824 166%
c ^  2.01 11 86 12 20 4480 16 62041 19252 1.8 47 26 20 33 63% 8379 1112 1824 166%
c -  2.03 12 86 12 21 4527 16 62682 15331 1.8 47 27 20 33 63% 8379 1112 1824 166%
c }  2.04 12 86 13 21 4543 16 62909 15554 1.8 47 27 20 33 63% 8379 1112 1824 166%
c [  2.04 12 65 13 21 4543 1 62909 15554 1.5 55 38 19 41 65% 8379 1112 1824 166%
c W  2.04 12 65 13 21 4543 1 62909 15554 1.5 55 38 19 41 65% 8379 1112 1824 166%
c -  2.15 13 67 13 22 4546 1 67264 15750 1.4 56 39 20 42 66% 8379 1112 1824 166%
c u  2.25 13 65 13 22 4548 1 70255 18441 1.4 56 39 20 42 67% 8379 1112 1824 166%
c
c  seconds   switched    rate         size/glue  tier1      binary       remaining
c         MB   reductions  conflicts        size    tier2     irredundant
c          level    restarts     redundant     glue     trail       variables
c
c v  2.27 13 65 13 22 4548 1 70255 18397 1.4 56 39 20 42 67% 8379 1112 1824 166%
c w  2.29 13 65 13 22 4548 1 70255 18295 1.4 56 39 20 42 67% 8379 1112 1824 166%
c -  2.37 13 64 13 23 4549 1 71955 15847 1.4 56 39 20 42 67% 8379 1112 1824 166%
c ]  2.41 13 63 14 23 4549 1 73147 16951 1.4 55 39 20 42 67% 8379 1112 1824 166%
c {  2.41 13 86 14 23 4549 16 73147 16951 1.8 47 27 20 33 63% 8379 1112 1824 166%
c o  2.41 13 86 14 23 4553 16 73173 16977 1.8 47 27 20 33 63% 8379 1112 1824 166%
c -  2.50 13 84 14 24 4708 15 76750 17914 1.8 48 27 20 33 64% 8379 1112 1824 166%
c -  2.62 13 82 14 25 5007 14 81648 20379 1.8 48 27 21 33 65% 8379 1112 1824 166%
c -  2.74 13 81 14 26 5212 13 86648 22062 1.8 48 27 21 33 65% 8379 1112 1824 166%
c }  2.77 13 80 15 26 5281 12 87862 23254 1.8 48 27 21 33 65% 8379 1112 1824 166%
c [  2.77 13 63 15 26 5281 1 87862 23254 1.4 55 39 20 42 67% 8379 1112 1824 166%
c I  2.77 13 63 15 26 5281 1 87862 23254 1.4 55 39 20 42 67% 8379 1112 1824 166%
c -  2.88 14 75 15 27 5283 1 91749 21954 1.4 60 42 20 44 67% 8379 1112 1824 166%
c u  3.00 14 77 15 27 5286 1 95266 25289 1.4 62 43 20 44 67% 8379 1112 1824 166%
c v  3.02 14 77 15 27 5286 1 95266 25282 1.4 62 43 20 44 67% 8379 1112 1824 166%
c w  3.04 19 77 15 27 5286 1 95266 25282 1.4 62 43 20 44 67% 8379 1112 1824 166%
c -  3.11 16 77 15 28 5287 1 96949 21076 1.4 62 43 20 45 67% 8379 1112 1824 166%
c ]  3.21 15 75 16 28 5288 1 100172 24200 1.5 63 43 20 45 68% 8379 1112 1824 166%
c {  3.21 15 80 16 28 5288 12 100172 24200 1.8 48 27 21 33 65% 8379 1112 1824 166%
c -  3.28 16 80 16 29 5427 12 102241 22199 1.8 49 27 21 33 66% 8379 1112 1824 166%
c
c  seconds   switched     rate          size/glue  tier1      binary       remaining
c         MB   reductions   conflicts         size    tier2     irredundant
c          level    restarts       redundant     glue     trail       variables
c
c -  3.42 16 79 16 30 5634 11 107628 24952 1.8 49 27 21 33 66% 8379 1112 1824 166%
c -  3.56 16 77 16 31 5870 11 113105 27331 1.8 50 27 21 33 66% 8379 1112 1824 166%
c o  3.56 16 77 16 31 5871 11 113232 27456 1.8 50 27 21 33 66% 8379 1112 1824 166%
c e  3.59 14 77 16 31 5906 11 113901 28102 1.8 50 27 21 33 66% 9108 1290 1548 141%
c ^  3.59 14 77 16 31 5906 11 113901 28102 1.8 50 27 21 33 66% 9108 1290 1548 141%
c }  3.69 16 77 17 31 6092 10 118509 18370 1.8 50 27 21 33 67% 9108 1290 1548 141%
c [  3.69 16 75 17 31 6092 1 118509 18370 1.5 63 43 20 45 68% 9108 1290 1548 141%
c B  3.69 16 75 17 31 6092 1 118509 18370 1.5 63 43 20 45 68% 9108 1290 1548 141%
c -  3.70 16 76 17 32 6092 1 118673 16892 1.4 63 43 21 46 68% 9108 1290 1548 141%
c -  3.84 16 76 17 33 6096 1 124330 19435 1.4 62 43 21 46 68% 9108 1290 1548 141%
c u  3.87 16 76 17 33 6096 1 124494 19544 1.4 62 43 21 46 69% 9108 1290 1548 141%
c v  3.89 17 76 17 33 6096 1 124494 19515 1.4 62 43 21 46 69% 9108 1290 1548 141%
c w  3.91 17 76 17 33 6096 1 124494 19468 1.4 62 43 21 46 69% 9108 1290 1548 141%
c -  4.07 16 72 17 34 6098 1 130077 20983 1.4 60 42 21 45 69% 9108 1290 1548 141%
c ]  4.19 16 70 18 34 6101 1 133974 24532 1.4 59 42 21 45 70% 9108 1290 1548 141%
c {  4.19 16 77 18 34 6101 10 133974 24532 1.8 50 27 21 33 67% 9108 1290 1548 141%
c -  4.23 16 75 18 35 6102 10 135908 23363 1.8 50 27 21 33 67% 9108 1290 1548 141%
c -  4.38 17 70 18 36 6103 9 141825 24344 1.8 49 27 20 32 68% 9108 1290 1548 141%
c -  4.55 16 66 18 37 6110 8 147825 24483 1.8 49 27 19 32 69% 9108 1290 1548 141%
c -  4.72 16 63 18 38 6118 7 153907 25095 1.8 48 27 19 31 69% 9108 1290 1548 141%
c
c  seconds   switched    rate          size/glue  tier1      binary       remaining
c         MB   reductions  conflicts         size    tier2     irredundant
c          level    restarts      redundant     glue     trail       variables
c
c }  4.76 16 62 19 38 6120 7 156319 27417 1.8 47 27 19 31 70% 9108 1290 1548 141%
c [  4.76 16 70 19 38 6120 1 156319 27417 1.4 59 42 21 45 70% 9108 1290 1548 141%
c W  4.77 14 70 19 38 6120 1 156319 27417 1.4 59 42 21 45 70% 9108 1290 1548 141%
c u  4.84 14 70 19 38 6121 1 157626 28514 1.4 59 42 21 45 70% 9108 1290 1548 141%
c v  4.89 20 70 19 38 6121 1 157626 27978 1.4 59 42 21 45 70% 9108 1290 1548 141%
c w  4.91 20 70 19 38 6121 1 157626 27930 1.4 59 42 21 45 70% 9108 1290 1548 141%
c -  4.99 16 68 19 39 6122 1 160071 25366 1.4 58 41 20 43 70% 9108 1290 1548 141%
c -  5.19 17 65 19 40 6126 1 166315 26299 1.4 57 40 20 42 71% 9108 1290 1548 141%
c -  5.41 17 63 19 41 6129 1 172639 26958 1.4 56 40 20 41 71% 9108 1290 1548 141%
c ]  5.41 15 63 20 41 6129 1 172679 26995 1.4 56 40 20 41 71% 9108 1290 1548 141%
c {  5.41 15 62 20 41 6129 7 172679 26995 1.8 47 27 19 31 70% 9108 1290 1548 141%
c o  5.42 16 62 20 41 6134 7 172720 27036 1.8 47 27 19 31 70% 9108 1290 1548 141%
c -  5.59 17 62 20 42 6485 7 179043 28099 1.8 48 27 19 31 70% 9108 1290 1548 141%
c -  5.82 17 62 20 43 7020 7 185526 28745 1.8 48 27 19 32 70% 9108 1290 1548 141%
c e  5.86 15 62 20 43 7045 7 186706 29897 1.8 48 27 19 32 70% 10179 1670 1326 121%
c ^  5.86 15 62 20 43 7045 7 186706 29897 1.8 48 27 19 32 70% 10179 1670 1326 121%
c -  5.99 16 62 20 44 7485 7 192083 15583 1.8 48 27 19 32 71% 10179 1670 1326 121%
c u  6.08 16 61 20 44 7576 7 195129 18435 1.8 48 27 19 32 71% 10179 1670 1326 121%
c v  6.12 17 61 20 44 7576 7 195129 18310 1.8 48 27 19 32 71% 10179 1670 1326 121%
c w  6.13 17 61 20 44 7576 7 195129 18285 1.8 48 27 19 32 71% 10179 1670 1326 121%
c
c  seconds   switched    rate          size/glue  tier1      binary        remaining
c         MB   reductions  conflicts         size    tier2      irredundant
c          level    restarts      redundant     glue     trail        variables
c
c -  6.23 16 60 20 45 7678 7 198719 20050 1.8 48 27 19 32 72% 10179 1670 1326 121%
c }  6.24 16 60 21 45 7726 7 199420 20739 1.8 48 27 19 32 72% 10179 1670 1326 121%
c [  6.24 16 63 21 45 7726 1 199420 20739 1.4 56 40 20 41 71% 10179 1670 1326 121%
c O  6.24 16 63 21 45 7726 1 199420 20739 1.4 56 40 20 41 71% 10179 1670 1326 121%
c -  6.31 17 59 21 46 7730 1 205428 22076 1.4 53 38 19 41 69% 10179 1670 1326 121%
c -  6.49 16 58 21 47 7733 1 212210 23157 1.4 53 37 19 41 70% 10179 1670 1326 121%
c -  6.71 17 56 21 48 7738 1 219065 25925 1.4 53 37 19 40 71% 10179 1670 1326 121%
c ]  6.82 16 56 22 48 7739 1 222762 29295 1.4 52 37 19 40 72% 10179 1670 1326 121%
c {  6.82 16 60 22 48 7739 7 222762 29295 1.8 48 27 19 32 72% 10179 1670 1326 121%
c -  6.98 17 65 22 49 8618 9 225993 27584 1.8 48 28 19 32 72% 10179 1670 1326 121%
c o  7.32 17 76 22 49 10236 12 232725 34156 1.7 49 28 19 32 72% 10179 1670 1326 121%
c -  7.34 17 77 22 50 10292 12 232993 27058 1.7 49 28 19 32 72% 10179 1670 1326 121%
c u  7.56 15 82 22 50 11024 14 236427 29080 1.7 50 29 19 32 72% 10179 1670 1326 121%
c v  7.60 15 82 22 50 11024 14 236427 29008 1.7 50 29 19 32 72% 10179 1670 1326 121%
c w  7.63 19 82 22 50 11024 14 236427 28641 1.7 50 29 19 32 72% 10179 1670 1326 121%
c -  7.99 17 88 22 51 11794 15 240064 25079 1.7 50 29 19 32 72% 10179 1670 1326 121%
c -  8.10 17 89 22 52 11989 14 247206 24932 1.7 48 28 18 32 69% 10179 1670 1326 121%
c }  8.44 17 97 23 52 13327 17 254279 31717 1.7 49 29 18 32 69% 10179 1670 1326 121%
c [  8.44 17 56 23 52 13327 1 254279 31717 1.4 52 37 19 40 72% 10179 1670 1326 121%
c B  8.44 17 56 23 52 13327 1 254279 31717 1.4 52 37 19 40 72% 10179 1670 1326 121%
c
c  seconds   switched     rate          size/glue  tier1      binary        remaining
c         MB   reductions   conflicts         size    tier2      irredundant
c          level    restarts       redundant     glue     trail        variables
c
c -  8.45 17 56 23 53 13327 1 254417 26100 1.4 52 37 19 40 72% 10179 1670 1326 121%
c -  8.63 17 56 23 54 13332 1 261697 29688 1.4 52 37 19 40 73% 10179 1670 1326 121%
c -  8.85 16 54 23 55 13336 1 269047 33012 1.4 51 36 19 39 73% 10179 1670 1326 121%
c -  9.10 17 52 23 56 13340 1 276463 35494 1.4 50 35 19 39 74% 10179 1670 1326 121%
c e  9.30 15 51 23 56 13341 1 281477 40235 1.4 50 35 19 39 74% 13577 2593 1000 91%
c !  9.30 15 51 23 56 13341 1 281477 40235 1.4 50 35 19 39 74% 13577 2593 1000 91%
c u  9.35 16 51 23 56 13341 1 282197 11342 1.4 50 35 19 39 75% 13577 2593 1000 91%
c v  9.39 18 51 23 56 13341 1 282197 10528 1.4 50 35 19 39 75% 13577 2593 1000 91%
c w  9.41 18 51 23 56 13341 1 282197 9745 1.4 50 35 19 39 75% 13577 2593 1000 91%
c -  9.48 12 51 23 57 13341 1 283947 9578 1.4 50 35 19 38 75% 13577 2593 1000 91%
c W  9.52 11 50 23 57 13341 1 285729 11202 1.4 50 35 19 38 75% 13577 2593 1000 91%
c -  9.63 12 50 23 58 13345 1 291496 14210 1.4 49 35 19 38 76% 13577 2593 1000 91%
c -  9.82 13 48 23 59 13348 1 299114 17507 1.4 48 34 19 37 77% 13577 2593 1000 91%
c - 10.03 13 47 23 60 13354 1 306798 19184 1.4 48 34 19 37 78% 13577 2593 1000 91%
c ] 10.08 13 47 24 60 13355 1 308282 20512 1.4 48 34 19 37 78% 13577 2593 1000 91%
c { 10.08 13 97 24 60 13355 17 308282 20512 1.7 49 29 18 32 69% 13577 2593 1000 91%
c o 10.08 13 97 24 60 13364 17 308327 20555 1.7 49 29 18 32 69% 13577 2593 1000 91%
c - 10.19 14 93 24 61 13405 16 314543 20644 1.7 49 29 18 32 70% 13577 2593 1000 91%
c - 10.32 14 90 24 62 13563 14 322353 21448 1.7 49 29 19 32 72% 13577 2593 1000 91%
c - 10.47 14 87 24 63 13745 13 330228 21774 1.7 49 29 19 32 73% 13577 2593 1000 91%
c
c  seconds   switched      rate          size/glue  tier1      binary        remaining
c         MB   reductions    conflicts         size    tier2      irredundant
c          level    restarts        redundant     glue     trail        variables
c
c u 10.51 14 87 24 63 13747 13 330736 22152 1.7 49 29 19 32 73% 13577 2593 1000 91%
c v 10.56 14 87 24 63 13747 13 330736 21634 1.7 49 29 19 32 73% 13577 2593 1000 91%
c w 10.57 14 87 24 63 13747 13 330736 21511 1.7 49 29 19 32 73% 13577 2593 1000 91%
c - 10.71 14 84 24 64 13917 12 338166 22172 1.7 48 29 19 32 75% 13577 2593 1000 91%
c } 10.82 14 82 25 64 14044 12 344961 28620 1.7 48 29 19 32 76% 13577 2593 1000 91%
c [ 10.82 14 47 25 64 14044 1 344961 28620 1.4 48 34 19 37 78% 13577 2593 1000 91%
c I 10.82 14 47 25 64 14044 1 344961 28620 1.4 48 34 19 37 78% 13577 2593 1000 91%
c - 10.85 15 50 25 65 14045 1 346166 23006 1.4 49 35 19 37 79% 13577 2593 1000 91%
c - 11.07 16 57 25 66 14050 1 354229 20154 1.4 55 38 19 38 80% 13577 2593 1000 91%
c - 11.29 17 61 25 67 14054 1 362353 16690 1.5 59 40 20 39 80% 13577 2593 1000 91%
c ] 11.41 17 63 26 67 14057 1 367402 21626 1.5 61 42 20 39 81% 13577 2593 1000 91%
c { 11.41 17 82 26 67 14057 12 367402 21626 1.7 48 29 19 32 76% 13577 2593 1000 91%
c - 11.47 17 81 26 68 14112 11 370538 17833 1.7 48 29 19 32 76% 13577 2593 1000 91%
c - 11.61 17 79 26 69 14259 11 378788 22595 1.7 48 29 19 33 77% 13577 2593 1000 91%
c u 11.72 17 78 26 69 14338 10 383753 27178 1.7 48 29 19 33 78% 13577 2593 1000 91%
c v 11.76 17 78 26 69 14338 10 383753 26994 1.7 48 29 19 33 78% 13577 2593 1000 91%
c w 11.78 17 78 26 69 14338 10 383753 26947 1.7 48 29 19 33 78% 13577 2593 1000 91%
c - 11.85 17 77 26 70 14396 10 387094 26717 1.7 48 29 20 33 78% 13577 2593 1000 91%
c o 11.89 17 76 26 70 14402 10 389645 28996 1.6 47 29 20 33 78% 13577 2593 1000 91%
c - 12.00 17 73 26 71 14445 9 395463 29067 1.6 47 29 20 33 79% 13577 2593 1000 91%
c
c  seconds   switched     rate          size/glue  tier1      binary        remaining
c         MB   reductions   conflicts         size    tier2      irredundant
c          level    restarts       redundant     glue     trail        variables
c
c - 12.16 17 70 26 72 14486 9 403889 30980 1.6 46 29 20 33 80% 13577 2593 1000 91%
c } 12.26 17 68 27 72 14516 8 409622 36366 1.6 46 29 20 33 80% 13577 2593 1000 91%
c [ 12.26 17 63 27 72 14516 1 409622 36366 1.5 61 42 20 39 81% 13577 2593 1000 91%
c B 12.26 17 63 27 72 14516 1 409622 36366 1.5 61 42 20 39 81% 13577 2593 1000 91%
c - 12.33 17 65 27 73 14518 1 412374 31858 1.5 61 42 20 40 81% 13577 2593 1000 91%
c - 12.54 17 62 27 74 14522 1 420919 31946 1.5 60 41 20 39 82% 13577 2593 1000 91%
c - 12.80 17 60 27 75 14528 1 429521 32506 1.5 58 40 20 39 82% 13577 2593 1000 91%
c ] 12.86 17 60 28 75 14529 1 431707 34438 1.4 58 40 20 39 82% 13577 2593 1000 91%
c { 12.86 17 68 28 75 14529 8 431707 34438 1.6 46 29 20 33 80% 13577 2593 1000 91%
c - 12.99 17 66 28 76 14543 8 438181 33967 1.6 45 29 20 32 81% 13577 2593 1000 91%
c u 13.10 17 65 28 76 14546 7 441333 36837 1.6 45 29 20 32 81% 13577 2593 1000 91%
c v 13.15 23 65 28 76 14546 7 441333 36790 1.6 45 29 20 32 81% 13577 2593 1000 91%
c w 13.17 24 65 28 76 14546 7 441333 36761 1.6 45 29 20 32 81% 13577 2593 1000 91%
c - 13.28 19 63 28 77 14587 7 446899 35567 1.6 45 29 20 32 81% 13577 2593 1000 91%
c - 13.47 20 61 28 78 14621 7 455674 36897 1.6 45 29 20 32 82% 13577 2593 1000 91%
c - 13.65 19 59 28 79 14656 6 464508 37828 1.6 44 29 20 32 82% 13577 2593 1000 91%
c - 13.82 20 57 28 80 14709 6 473398 38766 1.6 44 29 20 32 83% 13577 2593 1000 91%
c } 13.95 19 56 29 80 14738 5 479845 44719 1.5 44 28 20 32 83% 13577 2593 1000 91%
c [ 13.95 19 60 29 80 14738 1 479845 44719 1.4 58 40 20 39 82% 13577 2593 1000 91%
c W 13.96 17 60 29 80 14738 1 479845 44719 1.4 58 40 20 39 82% 13577 2593 1000 91%
c
c  seconds   switched     rate          size/glue  tier1      binary        remaining
c         MB   reductions   conflicts         size    tier2      irredundant
c          level    restarts       redundant     glue     trail        variables
c
c o 13.96 17 60 29 80 14738 1 479845 44719 1.4 58 40 20 39 82% 13577 2593 1000 91%
c - 14.02 17 60 29 81 14740 1 482342 39482 1.4 58 40 20 39 82% 13577 2593 1000 91%
c - 14.24 17 58 29 82 14744 1 491343 39868 1.4 56 39 20 39 83% 13577 2593 1000 91%
c - 14.48 17 56 29 83 14751 1 500401 40675 1.4 55 39 20 38 84% 13577 2593 1000 91%
c u 14.62 21 56 29 83 14751 1 503530 43240 1.4 54 38 20 38 84% 13577 2593 1000 91%
c v 14.66 23 56 29 83 14751 1 503530 42217 1.4 54 38 20 38 84% 13577 2593 1000 91%
c w 14.69 24 56 29 83 14751 1 503530 40215 1.4 54 38 20 38 84% 13577 2593 1000 91%
c - 14.86 19 55 29 84 14752 1 509511 39841 1.4 54 38 20 38 84% 13577 2593 1000 91%
c ] 14.88 18 54 30 84 14752 1 509919 40202 1.4 53 38 20 38 84% 13577 2593 1000 91%
c { 14.88 18 56 30 84 14752 5 509919 40202 1.5 44 28 20 32 83% 13577 2593 1000 91%
c - 15.05 20 55 30 85 14865 5 518678 42318 1.5 44 28 20 32 84% 13577 2593 1000 91%
c - 15.23 20 53 30 86 14915 5 527900 44206 1.5 44 28 20 32 84% 13577 2593 1000 91%
c - 15.44 21 52 30 87 14942 5 537173 45213 1.5 43 28 20 32 84% 13577 2593 1000 91%
c - 15.63 20 51 30 88 15037 4 546501 46781 1.5 44 28 20 32 85% 13577 2593 1000 91%
c - 15.84 20 49 30 89 15085 4 555882 48087 1.5 44 28 20 32 85% 13577 2593 1000 91%
c } 16.00 21 48 31 89 15136 4 564353 55980 1.6 44 28 20 32 85% 13577 2593 1000 91%
c [ 16.00 21 54 31 89 15136 1 564353 55980 1.4 53 38 20 38 84% 13577 2593 1000 91%
c O 16.00 21 54 31 89 15136 1 564353 55980 1.4 53 38 20 38 84% 13577 2593 1000 91%
c - 16.04 21 54 31 90 15136 1 565315 49142 1.4 53 38 20 38 84% 13577 2593 1000 91%
c u 16.22 24 54 31 90 15140 1 570429 53787 1.4 53 38 20 38 85% 13577 2593 1000 91%
c
c  seconds   switched     rate          size/glue  tier1      binary        remaining
c         MB   reductions   conflicts         size    tier2      irredundant
c          level    restarts       redundant     glue     trail        variables
c
c v 16.28 26 54 31 90 15140 1 570429 53742 1.4 53 38 20 38 85% 13577 2593 1000 91%
c w 16.30 26 54 31 90 15140 1 570429 53645 1.4 53 38 20 38 85% 13577 2593 1000 91%
c - 16.56 22 53 31 91 15142 1 574802 48786 1.4 52 37 20 38 85% 13577 2593 1000 91%
c - 16.82 23 52 31 92 15148 1 584345 47644 1.4 52 37 19 38 85% 13577 2593 1000 91%
c - 17.11 22 50 31 93 15150 1 593936 47367 1.4 51 37 19 38 86% 13577 2593 1000 91%
c ] 17.20 23 50 32 93 15150 1 596821 50116 1.4 51 37 19 38 86% 13577 2593 1000 91%
c { 17.20 23 48 32 93 15150 4 596821 50116 1.6 44 28 20 32 85% 13577 2593 1000 91%
c o 17.20 23 48 32 93 15162 4 596924 50219 1.6 44 28 20 32 85% 13577 2593 1000 91%
c - 17.35 22 48 32 94 15211 4 603580 48256 1.6 44 28 20 32 85% 13577 2593 1000 91%
c - 17.57 24 48 32 95 15372 4 613275 48838 1.6 44 28 20 32 86% 13577 2593 1000 91%
c - 17.78 23 48 32 96 15540 3 623022 49408 1.6 45 28 20 32 86% 13577 2593 1000 91%
c - 17.99 23 47 32 97 15776 3 632821 50431 1.6 45 28 20 32 86% 13577 2593 1000 91%
c u 18.23 24 47 32 97 15989 3 642085 59218 1.6 45 28 20 32 86% 13577 2593 1000 91%
c v 18.29 26 47 32 97 15989 3 642085 59023 1.6 45 28 20 32 86% 13577 2593 1000 91%
c w 18.32 26 47 32 97 15989 3 642085 58962 1.6 45 28 20 32 86% 13577 2593 1000 91%
c - 18.36 23 47 32 98 15989 3 642670 51365 1.6 45 28 20 32 86% 13577 2593 1000 91%
c - 18.59 24 46 32 99 15994 3 652569 52017 1.6 44 28 20 32 86% 13577 2593 1000 91%
c } 18.73 22 45 33 99 15995 3 657926 56866 1.6 44 28 20 32 86% 13577 2593 1000 91%
c [ 18.73 22 50 33 99 15995 1 657926 56866 1.4 51 37 19 38 86% 13577 2593 1000 91%
c B 18.73 22 50 33 99 15995 1 657926 56866 1.4 51 37 19 38 86% 13577 2593 1000 91%
c
c  seconds   switched      rate          size/glue  tier1      binary        remaining
c         MB   reductions    conflicts         size    tier2      irredundant
c          level     restarts       redundant     glue     trail        variables
c
c - 18.85 23 50 33 100 15998 1 662520 51908 1.4 51 36 19 37 86% 13577 2593 1000 91%
c - 19.13 24 49 33 101 16004 1 672521 49946 1.4 50 36 19 37 86% 13577 2593 1000 91%
c - 19.47 23 48 33 102 16009 1 682570 48844 1.4 50 36 19 37 87% 13577 2593 1000 91%
c ] 19.78 24 48 34 102 16010 1 690970 56236 1.4 49 36 19 37 87% 13577 2593 1000 91%
c { 19.78 24 45 34 102 16010 3 690970 56236 1.6 44 28 20 32 86% 13577 2593 1000 91%
c - 19.83 22 45 34 103 16013 3 692671 48768 1.6 44 28 20 32 86% 13577 2593 1000 91%
c - 20.11 23 43 34 104 16013 3 702820 46508 1.5 43 28 19 32 87% 13577 2593 1000 91%
c - 20.43 23 42 34 105 16013 3 713018 46807 1.5 42 28 19 31 87% 13577 2593 1000 91%
c u 20.67 25 42 34 105 16013 3 718552 51252 1.5 42 28 19 31 87% 13577 2593 1000 91%
c v 20.76 31 42 34 105 16013 3 718552 46068 1.5 42 28 19 31 87% 13577 2593 1000 91%
c w 20.79 31 42 34 105 16013 3 718552 45497 1.5 42 28 19 31 87% 13577 2593 1000 91%
c o 20.79 31 42 34 105 16013 3 718552 45497 1.5 42 28 19 31 87% 13577 2593 1000 91%
c - 20.88 22 41 34 106 16013 3 723265 43971 1.5 42 28 19 31 87% 13577 2593 1000 91%
c - 21.11 23 40 34 107 16013 2 733560 47385 1.5 41 27 19 31 87% 13577 2593 1000 91%
c - 21.38 23 39 34 108 16013 2 743904 49515 1.5 41 27 19 31 86% 13577 2593 1000 91%
c - 21.67 23 38 34 109 16013 2 754297 50564 1.5 41 27 19 31 86% 13577 2593 1000 91%
c } 21.80 23 38 35 109 16013 2 759117 54951 1.5 40 27 19 31 86% 13577 2593 1000 91%
c [ 21.80 23 48 35 109 16013 1 759117 54951 1.4 49 36 19 37 87% 13577 2593 1000 91%
c W 21.84 20 48 35 109 16013 1 759117 54951 1.4 49 36 19 37 87% 13577 2593 1000 91%
c - 22.00 20 47 35 110 16017 1 764738 50502 1.4 49 36 19 37 87% 13577 2593 1000 91%
c
c  seconds   switched      rate          size/glue  tier1      binary        remaining
c         MB   reductions    conflicts         size    tier2      irredundant
c          level     restarts       redundant     glue     trail        variables
c
c - 22.32 20 47 35 111 16022 1 775229 49194 1.4 49 36 19 37 87% 13577 2593 1000 91%
c - 22.66 20 46 35 112 16027 1 785764 47519 1.4 49 36 19 37 87% 13577 2593 1000 91%
c - 23.07 20 46 35 113 16031 1 796348 48357 1.4 48 35 19 37 87% 13577 2593 1000 91%
c u 23.33 25 45 35 113 16033 1 799886 51302 1.4 48 35 19 37 88% 13577 2593 1000 91%
c v 23.41 26 45 35 113 16033 1 799886 50996 1.4 48 35 19 37 88% 13577 2593 1000 91%
c w 23.46 29 45 35 113 16033 1 799886 45331 1.4 48 35 19 37 88% 13577 2593 1000 91%
c - 23.70 23 45 35 114 16037 1 806978 45380 1.4 48 35 19 37 88% 13577 2593 1000 91%
c ] 23.76 23 45 36 114 16038 1 808573 46911 1.4 48 35 19 37 88% 13577 2593 1000 91%
c { 23.76 23 38 36 114 16038 2 808573 46911 1.5 40 27 19 31 86% 13577 2593 1000 91%
c - 23.96 23 38 36 115 16243 2 817656 49777 1.5 41 27 19 31 86% 13577 2593 1000 91%
c - 24.19 24 39 36 116 16541 2 828379 52427 1.5 41 27 19 31 86% 13577 2593 1000 91%
c o 24.41 24 39 36 116 16837 2 838708 62241 1.5 41 27 19 31 87% 13577 2593 1000 91%
c - 24.44 24 39 36 117 16867 2 839149 53439 1.5 41 27 19 31 87% 13577 2593 1000 91%
c - 24.68 24 40 36 118 17141 2 849965 54235 1.5 41 27 19 31 87% 13577 2593 1000 91%
c - 24.91 24 40 36 119 17335 2 860829 55032 1.5 41 27 19 31 87% 13577 2593 1000 91%
c - 25.19 25 39 36 120 17335 2 871737 55222 1.5 41 27 19 31 87% 13577 2593 1000 91%
c - 25.44 25 39 36 121 17713 2 882691 55902 1.5 42 27 19 31 87% 13577 2593 1000 91%
c } 25.48 23 39 37 121 17746 2 884129 57260 1.5 41 27 19 31 87% 13577 2593 1000 91%
c [ 25.48 23 45 37 121 17746 1 884129 57260 1.4 48 35 19 37 88% 13577 2593 1000 91%
c I 25.48 23 45 37 121 17746 1 884129 57260 1.4 48 35 19 37 88% 13577 2593 1000 91%
c
c  seconds   switched      rate          size/glue  tier1      binary        remaining
c         MB   reductions    conflicts         size    tier2      irredundant
c          level     restarts       redundant     glue     trail        variables
c
c u 25.60 25 48 37 121 17747 1 886143 59125 1.4 50 36 19 37 88% 13577 2593 1000 91%
c v 25.68 29 48 37 121 17747 1 886143 55866 1.4 50 36 19 37 88% 13577 2593 1000 91%
c w 25.71 29 48 37 121 17747 1 886143 55681 1.4 50 36 19 37 88% 13577 2593 1000 91%
c - 25.93 25 52 37 122 17752 1 893692 50510 1.4 53 38 19 37 88% 13577 2593 1000 91%
c - 26.29 26 55 37 123 17759 1 904737 45021 1.4 57 40 19 37 88% 13577 2593 1000 91%
c - 26.62 25 58 37 124 17760 1 915827 43179 1.4 60 42 20 38 88% 13577 2593 1000 91%
c - 26.97 26 60 37 125 17767 1 926962 41771 1.4 62 43 20 38 88% 13577 2593 1000 91%
c ] 27.13 24 61 38 125 17770 1 932157 46741 1.5 63 43 20 38 88% 13577 2593 1000 91%
c { 27.13 24 39 38 125 17770 2 932157 46741 1.5 41 27 19 31 87% 13577 2593 1000 91%
c - 27.40 25 48 38 126 19063 4 938144 41789 1.6 44 28 19 31 87% 13577 2593 1000 91%
c - 27.97 25 63 38 127 21492 8 949368 42672 1.6 49 31 19 31 87% 13577 2593 1000 91%
c - 28.66 26 78 38 128 23914 11 960637 42386 1.6 53 33 19 31 87% 13577 2593 1000 91%
c o 29.21 25 88 38 128 25642 14 968708 50404 1.6 55 34 19 31 87% 13577 2593 1000 91%
c - 29.45 25 93 38 129 26331 15 971952 42082 1.6 55 35 19 31 87% 13577 2593 1000 91%
c u 29.93 27 99 38 129 27497 17 977379 46936 1.6 56 36 19 31 87% 13577 2593 1000 91%
c v 30.03 28 99 38 129 27497 17 977379 46788 1.6 56 36 19 31 87% 13577 2593 1000 91%
c w 30.10 28 99 38 129 27497 17 977379 46787 1.6 56 36 19 31 87% 13577 2593 1000 91%
c - 30.53 25 106 38 130 28770 19 983311 41338 1.6 58 37 19 31 86% 13577 2593 1000 91%
c - 31.29 25 118 38 131 31197 22 994712 40722 1.6 60 38 19 31 86% 13577 2593 1000 91%
c - 32.11 25 129 38 132 33617 25 1006157 40934 1.6 61 40 19 31 86% 13577 2593 1000 91%
c
c  seconds    switched       rate           size/glue  tier1      binary        remaining
c         MB    reductions      conflicts         size    tier2      irredundant
c           level     restarts         redundant     glue     trail        variables
c
c } 32.73 25 137 39 132 35541 27 1015490 50195 1.6 63 41 19 31 86% 13577 2593 1000 91%
c [ 32.73 25 61 39 132 35541 1 1015490 50195 1.5 63 43 20 38 88% 13577 2593 1000 91%
c B 32.73 25 61 39 132 35541 1 1015490 50195 1.5 63 43 20 38 88% 13577 2593 1000 91%
c - 32.78 25 62 39 133 35543 1 1017647 41333 1.5 63 43 20 38 88% 13577 2593 1000 91%
c - 33.09 26 60 39 134 35549 1 1029179 43438 1.4 61 42 20 38 87% 13577 2593 1000 91%
c - 33.46 25 58 39 135 35555 1 1040754 46558 1.4 59 42 20 38 87% 13577 2593 1000 91%
c - 33.83 26 57 39 136 35558 1 1052372 47883 1.4 58 41 20 38 87% 13577 2593 1000 91%
c - 34.28 26 56 39 137 35565 1 1064033 46561 1.4 57 41 20 38 87% 13577 2593 1000 91%
c u 34.77 28 55 39 137 35570 1 1073653 55103 1.4 56 40 20 38 86% 13577 2593 1000 91%
c v 34.92 30 55 39 137 35570 1 1073653 55100 1.4 56 40 20 38 86% 13577 2593 1000 91%
c w 35.00 34 55 39 137 35570 1 1073653 52339 1.4 56 40 20 38 86% 13577 2593 1000 91%
c - 35.08 25 55 39 138 35570 1 1075737 44013 1.4 56 40 20 38 86% 13577 2593 1000 91%
c - 35.48 26 54 39 139 35571 1 1087485 44711 1.4 54 40 20 38 86% 13577 2593 1000 91%
c W 35.58 22 54 39 139 35571 1 1088467 45567 1.4 54 40 20 38 86% 13577 2593 1000 91%
c - 35.86 22 65 39 140 35573 1 1099274 42935 1.4 56 41 20 39 86% 13577 2593 1000 91%
c - 36.19 22 63 39 141 35580 1 1111109 40103 1.4 56 40 20 39 87% 13577 2593 1000 91%
c - 36.59 22 61 39 142 35586 1 1122983 41186 1.4 55 40 20 39 87% 13577 2593 1000 91%
c - 37.04 22 60 39 143 35590 1 1134900 43332 1.4 55 40 20 39 87% 13577 2593 1000 91%
c - 37.48 22 58 39 144 35597 1 1146863 43091 1.4 55 40 20 39 88% 13577 2593 1000 91%
c - 38.00 22 56 39 145 35601 1 1158863 42735 1.4 54 39 20 39 88% 13577 2593 1000 91%
c
c  seconds   switched      rate           size/glue  tier1      binary        remaining
c         MB   reductions     conflicts         size    tier2      irredundant
c          level     restarts        redundant     glue     trail        variables
c
c O 38.32 22 56 39 145 35602 1 1166896 50072 1.4 54 39 20 39 88% 13577 2593 1000 91%
c o 38.32 22 56 39 145 35602 1 1166896 50072 1.4 54 39 20 39 88% 13577 2593 1000 91%
c - 38.37 22 54 39 146 35602 1 1170904 42158 1.4 53 38 20 39 86% 13577 2593 1000 91%
c u 38.57 27 54 39 146 35602 1 1175014 42673 1.4 52 38 20 39 85% 13577 2593 1000 91%
c v 38.68 28 54 39 146 35602 1 1175014 42626 1.4 52 38 20 39 85% 13577 2593 1000 91%
c w 38.73 30 54 39 146 35602 1 1175014 42508 1.4 52 38 20 39 85% 13577 2593 1000 91%
c - 38.97 25 53 39 147 35603 1 1182987 39091 1.4 52 37 20 39 85% 13577 2593 1000 91%
c ] 39.11 25 53 40 147 35603 1 1188253 44088 1.4 52 37 20 39 86% 13577 2593 1000 91%
c { 39.11 25 137 40 147 35603 27 1188253 44088 1.6 63 41 19 31 86% 13577 2593 1000 91%
c - 39.31 25 131 40 148 35608 25 1195111 42119 1.5 62 40 19 32 86% 13577 2593 1000 91%
c - 39.72 26 121 40 149 35608 22 1207276 43669 1.5 60 39 19 32 86% 13577 2593 1000 91%
c - 40.17 25 112 40 150 35608 20 1219482 44775 1.5 58 39 19 32 87% 13577 2593 1000 91%
c - 40.54 26 104 40 151 35608 18 1231731 45919 1.5 56 38 19 32 87% 13577 2593 1000 91%
c - 40.87 24 98 40 152 35621 16 1244019 44276 1.5 55 37 19 32 87% 13577 2593 1000 91%
c - 41.17 25 92 40 153 35621 14 1256350 44501 1.5 54 36 19 32 87% 13577 2593 1000 91%
c - 41.54 26 85 40 154 35623 13 1268722 45074 1.5 53 36 19 32 87% 13577 2593 1000 91%
c } 41.90 26 81 41 154 35627 11 1279725 54784 1.5 52 35 19 32 87% 13577 2593 1000 91%
c [ 41.90 26 53 41 154 35627 1 1279725 54784 1.4 52 37 20 39 86% 13577 2593 1000 91%
c B 41.90 26 53 41 154 35627 1 1279725 54784 1.4 52 37 20 39 86% 13577 2593 1000 91%
c - 41.94 26 54 41 155 35628 1 1281131 45054 1.4 52 37 20 39 86% 13577 2593 1000 91%
c
c  seconds   switched      rate           size/glue  tier1      binary        remaining
c         MB   reductions     conflicts         size    tier2      irredundant
c          level     restarts        redundant     glue     trail        variables
c
c u 42.02 26 54 41 155 35628 1 1281495 45218 1.4 52 37 20 39 86% 13577 2593 1000 91%
c v 42.11 32 54 41 155 35628 1 1281495 42643 1.4 52 37 20 39 86% 13577 2593 1000 91%
c w 42.14 32 54 41 155 35628 1 1281495 41780 1.4 52 37 20 39 86% 13577 2593 1000 91%
c - 42.43 25 52 41 156 35635 1 1293580 43745 1.4 50 36 20 38 86% 13577 2593 1000 91%
c - 42.81 25 50 41 157 35641 1 1306069 45553 1.4 49 35 20 38 86% 13577 2593 1000 91%
c - 43.23 26 48 41 158 35646 1 1318600 47180 1.4 48 35 20 38 86% 13577 2593 1000 91%
c - 43.71 26 47 41 159 35654 1 1331169 48990 1.4 48 34 20 38 86% 13577 2593 1000 91%
c - 44.21 26 46 41 160 35656 1 1343780 50502 1.4 48 34 20 38 87% 13577 2593 1000 91%
c - 44.76 26 45 41 161 35657 1 1356430 51188 1.4 48 33 19 37 87% 13577 2593 1000 91%
c ] 44.77 24 45 42 161 35657 1 1356504 51260 1.4 48 33 19 37 87% 13577 2593 1000 91%
c { 44.77 24 81 42 161 35657 11 1356504 51260 1.5 52 35 19 32 87% 13577 2593 1000 91%
c o 44.79 24 80 42 161 35659 11 1357239 51940 1.5 52 35 19 32 87% 13577 2593 1000 91%
c - 45.07 26 77 42 162 35668 10 1369118 50729 1.5 51 35 19 32 87% 13577 2593 1000 91%
c - 45.41 25 73 42 163 35668 9 1381846 49681 1.5 51 34 19 32 87% 13577 2593 1000 91%
c u 45.90 28 69 42 163 35668 8 1393149 59992 1.5 50 33 19 32 87% 13577 2593 1000 91%
c v 46.05 37 69 42 163 35668 8 1393149 59764 1.5 50 33 19 32 87% 13577 2593 1000 91%
c w 46.11 37 69 42 163 35668 8 1393149 59620 1.5 50 33 19 32 87% 13577 2593 1000 91%
c - 46.16 25 69 42 164 35677 8 1394613 49834 1.5 50 33 19 32 87% 13577 2593 1000 91%
c - 46.50 27 66 42 165 35686 7 1407419 50379 1.5 50 33 19 32 87% 13577 2593 1000 91%
c - 46.84 26 62 42 166 35691 7 1420266 49990 1.5 49 33 19 32 87% 13577 2593 1000 91%
c
c  seconds   switched      rate           size/glue  tier1      binary        remaining
c         MB   reductions     conflicts         size    tier2      irredundant
c          level     restarts        redundant     glue     trail        variables
c
c - 47.26 25 59 42 167 35706 6 1433150 50781 1.5 49 33 19 32 87% 13577 2593 1000 91%
c - 47.67 26 57 42 168 35718 5 1446072 52179 1.5 48 33 19 32 87% 13577 2593 1000 91%
c } 47.97 25 55 43 168 35718 5 1456478 61477 1.5 47 32 19 32 87% 13577 2593 1000 91%
c [ 47.97 25 45 43 168 35718 1 1456478 61477 1.4 48 33 19 37 87% 13577 2593 1000 91%
c W 48.08 22 45 43 168 35718 1 1456478 61477 1.4 48 33 19 37 87% 13577 2593 1000 91%
c - 48.16 22 45 43 169 35720 1 1459033 52357 1.4 48 33 19 37 87% 13577 2593 1000 91%
c - 48.61 22 44 43 170 35727 1 1472035 51161 1.4 47 33 19 37 87% 13577 2593 1000 91%
c - 49.14 22 43 43 171 35732 1 1485077 50611 1.4 47 33 19 37 87% 13577 2593 1000 91%
c - 49.72 26 42 43 172 35739 1 1498153 52213 1.4 46 33 19 37 87% 13577 2593 1000 91%
c u 50.39 29 42 43 172 35746 1 1510031 62131 1.4 46 33 19 37 87% 13577 2593 1000 91%
c v 50.54 36 42 43 172 35746 1 1510031 57270 1.4 46 33 19 37 87% 13577 2593 1000 91%
c w 50.61 36 42 43 172 35746 1 1510031 54391 1.4 46 33 19 37 87% 13577 2593 1000 91%
c - 50.68 25 42 43 173 35746 1 1511267 47736 1.4 46 33 19 37 87% 13577 2593 1000 91%
c ] 50.73 25 42 44 173 35746 1 1512559 48916 1.4 46 33 19 37 87% 13577 2593 1000 91%
c { 50.73 25 55 44 173 35746 5 1512559 48916 1.5 47 32 19 32 87% 13577 2593 1000 91%
c - 51.15 26 53 44 174 35766 5 1524421 50439 1.5 47 32 19 32 87% 13577 2593 1000 91%
c - 51.76 25 51 44 175 35770 4 1537611 53420 1.4 46 32 19 32 87% 13577 2593 1000 91%
c - 52.39 25 49 44 176 35773 4 1550840 55048 1.4 45 31 19 32 87% 13577 2593 1000 91%
c o 52.83 25 47 44 176 35779 4 1563315 66464 1.4 45 31 19 32 87% 13577 2593 1000 91%
c - 52.86 26 47 44 177 35794 4 1564106 54806 1.4 45 31 19 32 87% 13577 2593 1000 91%
c
c  seconds   switched      rate           size/glue  tier1      binary        remaining
c         MB   reductions     conflicts         size    tier2      irredundant
c          level     restarts        redundant     glue     trail        variables
c
c - 53.23 25 46 44 178 35794 3 1577410 54882 1.4 44 31 19 32 88% 13577 2593 1000 91%
c - 53.61 27 45 44 179 35807 3 1590751 54454 1.4 44 31 19 32 88% 13577 2593 1000 91%
c - 53.95 26 44 44 180 35842 3 1604130 55329 1.4 44 31 19 32 88% 13577 2593 1000 91%
c - 54.26 26 43 44 181 35909 3 1617546 55821 1.4 43 31 19 32 88% 13577 2593 1000 91%
c } 54.38 25 43 45 181 35909 3 1621390 59250 1.4 43 30 19 32 88% 13577 2593 1000 91%
c [ 54.38 25 42 45 181 35909 1 1621390 59250 1.4 46 33 19 37 87% 13577 2593 1000 91%
c I 54.38 25 42 45 181 35909 1 1621390 59250 1.4 46 33 19 37 87% 13577 2593 1000 91%
c - 54.65 27 51 45 182 35915 1 1631000 51015 1.4 51 37 19 37 87% 13577 2593 1000 91%
c u 54.80 29 52 45 182 35915 1 1632142 51784 1.4 52 37 19 37 87% 13577 2593 1000 91%
c v 54.92 33 52 45 182 35915 1 1632142 48867 1.4 52 37 19 37 87% 13577 2593 1000 91%
c w 54.97 33 52 45 182 35915 1 1632142 48412 1.4 52 37 19 37 87% 13577 2593 1000 91%
c - 55.35 27 56 45 183 35922 1 1644491 40288 1.4 56 40 19 37 87% 13577 2593 1000 91%
c - 55.78 26 59 45 184 35926 1 1658019 36999 1.4 60 43 19 38 87% 13577 2593 1000 91%
c - 56.24 26 63 45 185 35934 1 1671584 36400 1.4 64 45 20 38 88% 13577 2593 1000 91%
c - 56.74 18 66 45 186 35938 1 1685185 34999 1.4 67 48 20 38 88% 13577 2593 1000 91%
c - 57.23 18 69 45 187 35939 1 1698823 35162 1.4 70 49 20 39 88% 13577 2593 1000 91%
c - 57.72 23 71 45 188 35946 1 1712497 35580 1.4 72 51 20 39 88% 13577 2593 1000 91%
c ] 57.84 22 71 46 188 35947 1 1715892 38839 1.4 73 51 20 39 88% 13577 2593 1000 91%
c { 57.84 22 43 46 188 35947 3 1715892 38839 1.4 43 30 19 32 88% 13577 2593 1000 91%
c - 58.06 24 43 46 189 36038 3 1726208 41711 1.4 44 30 19 32 88% 13577 2593 1000 91%
c
c  seconds   switched      rate           size/glue  tier1      binary        remaining
c         MB   reductions     conflicts         size    tier2      irredundant
c          level     restarts        redundant     glue     trail        variables
c
c o 58.36 23 42 46 189 36056 2 1739592 54342 1.5 44 30 19 32 88% 13577 2593 1000 91%
c - 58.38 24 43 46 190 36067 2 1739956 50889 1.5 44 30 19 32 88% 13577 2593 1000 91%
c - 58.71 25 42 46 191 36154 2 1753740 54854 1.5 44 30 19 32 88% 13577 2593 1000 91%
c u 58.99 26 42 46 191 36163 2 1759566 59651 1.5 43 30 19 32 88% 13577 2593 1000 91%
c v 59.14 29 42 46 191 36163 2 1759566 59170 1.5 43 30 19 32 88% 13577 2593 1000 91%
c w 59.20 29 42 46 191 36163 2 1759566 58609 1.5 43 30 19 32 88% 13577 2593 1000 91%
c - 59.39 25 42 46 192 36208 2 1767562 53671 1.5 43 30 19 32 88% 13577 2593 1000 91%
c - 59.73 26 41 46 193 36250 2 1781418 54171 1.4 43 30 19 32 88% 13577 2593 1000 91%
c - 60.04 25 41 46 194 36327 2 1795312 55886 1.5 43 29 19 32 88% 13577 2593 1000 91%
c - 60.49 26 40 46 195 36343 2 1809241 56342 1.5 43 29 19 32 87% 13577 2593 1000 91%
c - 60.80 26 40 46 196 36432 2 1823205 57146 1.5 43 29 19 32 88% 13577 2593 1000 91%
c } 61.06 25 41 47 196 36504 2 1833936 67587 1.5 44 29 19 32 88% 13577 2593 1000 91%
c [ 61.06 25 71 47 196 36504 1 1833936 67587 1.4 73 51 20 39 88% 13577 2593 1000 91%
c B 61.06 25 71 47 196 36504 1 1833936 67587 1.4 73 51 20 39 88% 13577 2593 1000 91%
c - 61.15 26 72 47 197 36506 1 1837205 56836 1.4 73 51 20 39 88% 13577 2593 1000 91%
c - 61.59 26 69 47 198 36514 1 1851242 51972 1.4 70 49 20 39 88% 13577 2593 1000 91%
c - 62.09 27 66 47 199 36518 1 1865314 46900 1.4 68 48 20 39 88% 13577 2593 1000 91%
c - 62.62 26 63 47 200 36526 1 1879421 46513 1.4 66 47 20 39 88% 13577 2593 1000 91%
c u 63.24 28 61 47 200 36533 1 1892332 57277 1.4 64 46 20 39 88% 13577 2593 1000 91%
c v 63.36 30 61 47 200 36533 1 1892332 57242 1.4 64 46 20 39 88% 13577 2593 1000 91%
c
c  seconds   switched      rate           size/glue  tier1      binary        remaining
c         MB   reductions     conflicts         size    tier2      irredundant
c          level     restarts        redundant     glue     trail        variables
c
c w 63.43 37 61 47 200 36533 1 1892332 53915 1.4 64 46 20 39 88% 13577 2593 1000 91%
c - 63.49 25 61 47 201 36533 1 1893564 45771 1.4 64 46 20 39 88% 13577 2593 1000 91%
c ] 63.60 25 60 48 201 36533 1 1896926 48660 1.4 63 45 20 39 88% 13577 2593 1000 91%
c { 63.60 25 41 48 201 36533 2 1896926 48660 1.5 44 29 19 32 88% 13577 2593 1000 91%
c - 63.83 24 40 48 202 36580 2 1907741 51941 1.5 44 29 19 32 87% 13577 2593 1000 91%
c - 64.16 26 40 48 203 36660 2 1921953 57421 1.5 44 29 19 32 88% 13577 2593 1000 91%
c - 64.56 26 39 48 204 36671 2 1936200 59307 1.5 43 29 19 32 87% 13577 2593 1000 91%
c - 65.03 27 38 48 205 36672 2 1950482 59536 1.5 42 28 19 32 87% 13577 2593 1000 91%
c o 65.26 26 38 48 205 36691 2 1957702 65893 1.5 42 28 19 32 87% 13577 2593 1000 91%
c - 65.42 27 38 48 206 36771 2 1964799 60583 1.5 42 28 19 32 87% 13577 2593 1000 91%
c - 65.75 27 38 48 207 36850 2 1979152 61337 1.5 42 28 19 32 87% 13577 2593 1000 91%
c - 66.07 27 38 48 208 37022 2 1993541 61075 1.5 42 28 19 32 87% 13577 2593 1000 91%
c - 66.43 27 39 48 209 37151 2 2007963 62305 1.5 42 28 19 32 87% 13577 2593 1000 91%
c - 66.77 27 40 48 210 37414 2 2022423 62938 1.5 43 28 19 32 87% 13577 2593 1000 91%
c } 66.82 25 40 49 210 37434 2 2024537 65007 1.5 43 28 19 32 87% 13577 2593 1000 91%
c [ 66.82 25 60 49 210 37434 1 2024537 65007 1.4 63 45 20 39 88% 13577 2593 1000 91%
c W 66.97 22 60 49 210 37434 1 2024537 65007 1.4 63 45 20 39 88% 13577 2593 1000 91%
c u 67.26 28 59 49 210 37438 1 2030465 70293 1.4 62 45 20 39 88% 13577 2593 1000 91%
c v 67.39 30 59 49 210 37438 1 2030465 70193 1.4 62 45 20 39 88% 13577 2593 1000 91%
c w 67.44 30 59 49 210 37438 1 2030465 70167 1.4 62 45 20 39 88% 13577 2593 1000 91%
c
c  seconds   switched      rate           size/glue  tier1      binary        remaining
c         MB   reductions     conflicts         size    tier2      irredundant
c          level     restarts        redundant     glue     trail        variables
c
c - 67.66 27 58 49 211 37441 1 2036916 60184 1.4 62 44 20 39 88% 13577 2593 1000 91%
c - 68.13 27 57 49 212 37448 1 2051441 56259 1.4 60 43 20 39 88% 13577 2593 1000 91%
c - 68.72 28 56 49 213 37455 1 2066002 54702 1.4 59 42 20 39 88% 13577 2593 1000 91%
c - 69.34 27 54 49 214 37462 1 2080596 55615 1.4 58 42 20 39 88% 13577 2593 1000 91%
c ] 69.82 26 54 50 214 37464 1 2092663 66785 1.4 58 41 20 39 88% 13577 2593 1000 91%
c { 69.82 26 40 50 214 37464 2 2092663 66785 1.5 43 28 19 32 87% 13577 2593 1000 91%
c - 69.89 28 40 50 215 37466 2 2095224 56639 1.5 42 28 19 32 87% 13577 2593 1000 91%
c - 70.28 26 38 50 216 37472 2 2109887 60326 1.5 42 28 19 32 87% 13577 2593 1000 91%
c - 70.66 27 37 50 217 37479 2 2124586 63771 1.5 41 28 19 32 87% 13577 2593 1000 91%
c - 71.21 28 36 50 218 37479 2 2139316 64666 1.5 40 28 19 31 87% 13577 2593 1000 91%
c - 71.67 27 36 50 219 37484 2 2154080 66914 1.4 40 27 19 31 87% 13577 2593 1000 91%
c - 72.16 28 35 50 220 37484 2 2168878 67238 1.4 39 27 19 31 87% 13577 2593 1000 91%
c u 72.52 30 35 50 220 37484 1 2173995 70768 1.4 39 27 19 31 87% 13577 2593 1000 91%
c v 72.71 38 35 50 220 37484 1 2173995 64393 1.4 39 27 19 31 87% 13577 2593 1000 91%
c w 72.77 38 35 50 220 37484 1 2173995 64039 1.4 39 27 19 31 87% 13577 2593 1000 91%
c o 73.37 39 35 50 220 37484 1 2173995 64039 1.4 39 27 19 31 87% 13577 2593 1000 91%
c - 73.54 27 34 50 221 37484 1 2183710 62809 1.4 38 27 19 31 86% 13577 2593 1000 91%
c - 73.84 28 33 50 222 37484 1 2198577 68472 1.4 37 26 19 31 85% 13577 2593 1000 91%
c - 74.22 29 33 50 223 37484 1 2213476 71514 1.4 37 26 19 31 85% 13577 2593 1000 91%
c - 74.65 28 33 50 224 37487 1 2228411 73572 1.4 36 26 19 31 85% 13577 2593 1000 91%
c
c  seconds   switched      rate           size/glue  tier1      binary        remaining
c         MB   reductions     conflicts         size    tier2      irredundant
c          level     restarts        redundant     glue     trail        variables
c
c } 74.69 28 33 51 224 37488 1 2230188 75107 1.4 36 26 19 31 85% 13577 2593 1000 91%
c [ 74.69 28 54 51 224 37488 1 2230188 75107 1.4 58 41 20 39 88% 13577 2593 1000 91%
c O 74.69 28 54 51 224 37488 1 2230188 75107 1.4 58 41 20 39 88% 13577 2593 1000 91%
c - 75.06 27 51 51 225 37495 1 2243380 75259 1.4 56 40 20 39 87% 13577 2593 1000 91%
c - 75.65 29 49 51 226 37502 1 2258382 76565 1.4 54 38 20 39 88% 13577 2593 1000 91%
c - 76.32 30 47 51 227 37509 1 2273415 77838 1.4 52 37 20 39 88% 13577 2593 1000 91%
c - 77.01 30 45 51 228 37517 1 2288482 77588 1.4 51 36 20 38 88% 13577 2593 1000 91%
c - 77.65 29 44 51 229 37518 1 2303582 78395 1.4 50 35 20 38 87% 13577 2593 1000 91%
c ] 78.14 29 42 52 229 37521 1 2315165 88296 1.4 49 34 20 38 88% 13577 2593 1000 91%
c { 78.14 29 33 52 229 37521 1 2315165 88296 1.4 36 26 19 31 85% 13577 2593 1000 91%
c - 78.28 29 33 52 230 37802 1 2318714 78540 1.4 36 26 19 31 85% 13577 2593 1000 91%
c u 78.51 32 33 52 230 37992 2 2322976 82094 1.4 37 26 19 31 85% 13577 2593 1000 91%
c v 78.67 40 33 52 230 37992 2 2322976 73497 1.4 37 26 19 31 85% 13577 2593 1000 91%
c w 78.72 40 33 52 230 37992 2 2322976 70304 1.4 37 26 19 31 85% 13577 2593 1000 91%
c - 79.03 29 35 52 231 38676 2 2333881 72493 1.4 37 26 19 31 85% 13577 2593 1000 91%
c - 79.41 30 35 52 232 39265 2 2349079 77701 1.4 38 27 19 31 86% 13577 2593 1000 91%
c - 79.79 30 36 52 233 39774 2 2364311 79955 1.4 38 27 19 31 86% 13577 2593 1000 91%
c o 80.08 29 37 52 233 40250 2 2376639 91727 1.4 39 27 19 31 86% 13577 2593 1000 91%
c - 80.17 30 37 52 234 40359 2 2379576 81748 1.4 39 27 19 31 86% 13577 2593 1000 91%
c - 80.53 30 37 52 235 40655 2 2394875 83182 1.4 39 27 19 31 86% 13577 2593 1000 91%
c
c  seconds   switched      rate           size/glue  tier1      binary        remaining
c         MB   reductions     conflicts         size    tier2      irredundant
c          level     restarts        redundant     glue     trail        variables
c
c - 80.90 31 38 52 236 41064 2 2410208 84530 1.5 39 27 19 31 86% 13577 2593 1000 91%
c - 81.28 30 39 52 237 41542 3 2425570 84284 1.5 40 27 19 31 87% 13577 2593 1000 91%
c - 81.62 31 39 52 238 41755 3 2440964 84462 1.5 40 27 19 31 87% 13577 2593 1000 91%
c - 81.99 31 39 52 239 42194 3 2456391 85054 1.5 40 27 19 31 87% 13577 2593 1000 91%
c } 82.14 29 39 53 239 42202 3 2462952 91467 1.5 41 27 19 31 87% 13577 2593 1000 91%
c [ 82.14 29 42 53 239 42202 1 2462952 91467 1.4 49 34 20 38 88% 13577 2593 1000 91%
c B 82.14 29 42 53 239 42202 1 2462952 91467 1.4 49 34 20 38 88% 13577 2593 1000 91%
c - 82.41 31 43 53 240 42208 1 2471850 85205 1.4 49 34 20 38 88% 13577 2593 1000 91%
c u 82.75 33 43 53 240 42211 1 2477437 90120 1.4 49 34 20 38 88% 13577 2593 1000 91%
c v 82.89 36 43 53 240 42211 1 2477437 90106 1.4 49 34 20 38 88% 13577 2593 1000 91%
c w 82.95 37 43 53 240 42211 1 2477437 90076 1.4 49 34 20 38 88% 13577 2593 1000 91%
c - 83.38 30 42 53 241 42215 1 2487341 84651 1.5 49 34 20 38 88% 13577 2593 1000 91%
c - 84.24 32 42 53 242 42222 1 2502865 86048 1.5 49 33 19 38 88% 13577 2593 1000 91%
c - 85.08 31 41 53 243 42230 1 2518421 87681 1.5 48 33 19 38 88% 13577 2593 1000 91%
c ] 85.34 32 41 54 243 42231 1 2523889 92599 1.5 47 33 19 38 88% 13577 2593 1000 91%
c { 85.34 32 39 54 243 42231 3 2523889 92599 1.5 41 27 19 31 87% 13577 2593 1000 91%
c - 85.99 34 53 54 244 44413 6 2534009 84989 1.5 45 30 19 31 87% 13577 2593 1000 91%
c - 87.03 33 73 54 245 47794 10 2549629 77725 1.6 52 33 19 31 87% 13577 2593 1000 91%
c - 88.43 33 94 54 246 51155 16 2565282 72940 1.6 55 35 19 31 87% 13577 2593 1000 91%
c - 89.99 25 112 54 247 54536 20 2580968 71376 1.5 58 38 19 31 86% 13577 2593 1000 91%
c
c  seconds    switched       rate           size/glue  tier1      binary        remaining
c         MB    reductions      conflicts         size    tier2      irredundant
c           level     restarts         redundant     glue     trail        variables
c
c o 90.50 25 118 54 247 55755 22 2586643 77021 1.5 59 38 19 31 86% 13577 2593 1000 91%
c - 91.48 29 128 54 248 57869 24 2596684 70968 1.5 61 40 19 31 86% 13577 2593 1000 91%
c - 93.01 29 141 54 249 61159 28 2612432 70764 1.5 63 41 19 31 86% 13577 2593 1000 91%
c - 94.41 29 152 54 250 64330 30 2628212 69956 1.5 66 43 19 31 86% 13577 2593 1000 91%
c u 95.50 33 158 54 250 66111 32 2637434 77764 1.5 67 44 19 31 86% 13577 2593 1000 91%
c v 95.80 34 158 54 250 66111 32 2637434 77339 1.5 67 44 19 31 86% 13577 2593 1000 91%
c w 95.96 34 158 54 250 66111 32 2637434 77331 1.5 67 44 19 31 86% 13577 2593 1000 91%
c - 96.55 29 162 54 251 67353 32 2644027 68249 1.5 68 44 19 31 86% 13577 2593 1000 91%
c - 97.79 29 170 54 252 70141 34 2659869 66670 1.5 70 45 19 31 86% 13577 2593 1000 91%
c - 98.96 29 177 54 253 72697 34 2675743 64128 1.5 72 47 19 31 86% 13577 2593 1000 91%
c } 99.37 28 180 55 253 73608 34 2682283 70403 1.5 73 47 19 31 86% 13577 2593 1000 91%
c [ 99.37 28 41 55 253 73608 1 2682283 70403 1.5 47 33 19 38 88% 13577 2593 1000 91%
c W 99.58 24 41 55 253 73608 1 2682283 70403 1.5 47 33 19 38 88% 13577 2593 1000 91%
c - 99.81 24 43 55 254 73614 1 2691650 64662 1.5 48 33 19 38 88% 13577 2593 1000 91%
c - 100.30 25 43 55 255 73622 1 2707587 67862 1.4 48 33 19 38 88% 13577 2593 1000 91%
c - 100.89 25 42 55 256 73629 1 2723557 72537 1.4 48 33 19 38 88% 13577 2593 1000 91%
c - 101.59 25 42 55 257 73636 1 2739557 74191 1.4 48 33 19 37 88% 13577 2593 1000 91%
c - 102.28 25 41 55 258 73638 1 2755590 76956 1.4 47 33 19 37 88% 13577 2593 1000 91%
c - 103.14 26 41 55 259 73644 1 2771652 78313 1.4 47 33 19 37 88% 13577 2593 1000 91%
c - 103.80 26 41 55 260 73652 1 2787745 76303 1.4 47 33 19 37 89% 13577 2593 1000 91%
c
c  seconds    switched      rate           size/glue  tier1      binary        remaining
c          MB   reductions     conflicts         size    tier2      irredundant
c           level     restarts        redundant     glue     trail        variables
c
c u 104.78 38 41 55 260 73658 1 2802967 89190 1.4 47 33 19 37 89% 13577 2593 1000 91%
c v 105.10 43 41 55 260 73658 1 2802967 87229 1.4 47 33 19 37 89% 13577 2593 1000 91%
c w 105.24 48 41 55 260 73658 1 2802967 80057 1.4 47 33 19 37 89% 13577 2593 1000 91%
c - 105.31 32 41 55 261 73659 1 2803870 64636 1.4 47 33 19 37 89% 13577 2593 1000 91%
c I 105.82 33 41 55 261 73666 1 2816522 75982 1.4 47 33 19 37 89% 13577 2593 1000 91%
c o 105.82 33 41 55 261 73666 1 2816522 75982 1.4 47 33 19 37 89% 13577 2593 1000 91%
c - 105.90 33 44 55 262 73667 1 2820025 65587 1.4 47 34 19 37 88% 13577 2593 1000 91%
c - 106.35 32 47 55 263 73669 1 2836212 61691 1.4 49 35 19 37 88% 13577 2593 1000 91%
c - 106.88 33 48 55 264 73670 1 2852430 54615 1.4 50 36 19 37 87% 13577 2593 1000 91%
c - 107.43 32 50 55 265 73670 1 2868680 53744 1.4 50 36 19 37 87% 13577 2593 1000 91%
c - 108.07 32 50 55 266 73675 1 2884958 52697 1.4 51 37 19 37 87% 13577 2593 1000 91%
c - 108.67 32 50 55 267 73684 1 2901267 51985 1.4 51 37 19 37 86% 13577 2593 1000 91%
c - 109.31 30 49 55 268 73690 1 2917608 49885 1.4 51 38 19 37 86% 13577 2593 1000 91%
c - 109.95 32 49 55 269 73699 1 2933978 48600 1.3 51 38 19 37 86% 13577 2593 1000 91%
c - 110.57 31 50 55 270 73701 1 2950379 46402 1.3 52 38 19 38 86% 13577 2593 1000 91%
c B 110.86 31 50 55 270 73701 1 2957670 52961 1.3 52 39 20 38 86% 13577 2593 1000 91%
c - 111.08 32 55 55 271 73706 1 2966812 46076 1.3 53 39 20 38 86% 13577 2593 1000 91%
c u 111.48 34 54 55 271 73709 1 2974091 52052 1.3 52 39 20 38 87% 13577 2593 1000 91%
c v 111.68 35 54 55 271 73709 1 2974091 51652 1.3 52 39 20 38 87% 13577 2593 1000 91%
c w 111.76 38 54 55 271 73709 1 2974091 51486 1.3 52 39 20 38 87% 13577 2593 1000 91%
c
c  seconds    switched      rate           size/glue  tier1      binary        remaining
c          MB   reductions     conflicts         size    tier2      irredundant
c           level     restarts        redundant     glue     trail        variables
c
c - 112.06 31 53 55 272 73715 1 2983276 50864 1.3 52 38 20 38 87% 13577 2593 1000 91%
c - 112.66 32 51 55 273 73721 1 2999768 56457 1.4 51 37 19 37 87% 13577 2593 1000 91%
c ] 112.68 32 51 56 273 73722 1 3000214 56874 1.4 51 37 19 37 87% 13577 2593 1000 91%
c { 112.68 32 180 56 273 73722 34 3000214 56874 1.5 73 47 19 31 86% 13577 2593 1000 91%
c - 113.51 32 159 56 274 73722 29 3016294 58508 1.5 68 45 19 32 86% 13577 2593 1000 91%
c - 114.41 33 141 56 275 73722 25 3032846 57873 1.5 64 43 19 32 86% 13577 2593 1000 91%
c - 115.27 31 125 56 276 73722 21 3049429 57898 1.5 60 41 19 32 86% 13577 2593 1000 91%
c - 115.96 33 112 56 277 73722 18 3066042 58158 1.4 57 40 19 32 86% 13577 2593 1000 91%
c - 116.70 32 100 56 278 73722 16 3082685 57173 1.4 55 39 19 32 86% 13577 2593 1000 91%
c - 117.46 33 91 56 279 73722 13 3099358 56706 1.4 53 38 19 31 87% 13577 2593 1000 91%
c - 118.18 33 83 56 280 73722 12 3116061 54875 1.4 51 37 18 31 87% 13577 2593 1000 91%
c o 118.68 32 77 56 280 73723 10 3128307 65352 1.4 50 36 18 31 87% 13577 2593 1000 91%
c - 118.78 32 76 56 281 73732 10 3132797 54057 1.4 49 36 18 31 87% 13577 2593 1000 91%
c - 119.31 32 71 56 282 73732 9 3149561 52123 1.4 49 36 18 32 87% 13577 2593 1000 91%
c u 119.57 34 70 56 282 73732 9 3150805 51816 1.4 49 36 18 32 87% 13577 2593 1000 91%
c v 119.84 38 70 56 282 73732 9 3150805 51611 1.4 49 36 18 32 87% 13577 2593 1000 91%
c w 119.94 38 70 56 282 73732 9 3150805 51211 1.4 49 36 18 32 87% 13577 2593 1000 91%
c - 120.32 32 67 56 283 73739 8 3166354 48715 1.4 49 35 18 32 87% 13577 2593 1000 91%
c } 120.41 31 67 57 283 73739 7 3169557 51813 1.4 49 35 18 32 87% 13577 2593 1000 91%
c [ 120.41 31 51 57 283 73739 1 3169557 51813 1.4 51 37 19 37 87% 13577 2593 1000 91%
c
c  seconds    switched      rate           size/glue  tier1      binary        remaining
c          MB   reductions     conflicts         size    tier2      irredundant
c           level     restarts        redundant     glue     trail        variables
c
c W 120.68 28 51 57 283 73739 1 3169557 51813 1.4 51 37 19 37 87% 13577 2593 1000 91%
c - 121.11 28 49 57 284 73747 1 3183176 50332 1.4 50 37 19 37 87% 13577 2593 1000 91%
c - 121.73 28 47 57 285 73753 1 3200028 50060 1.4 49 36 19 37 87% 13577 2593 1000 91%
c - 122.40 28 47 57 286 73763 1 3216910 47328 1.4 48 36 19 37 87% 13577 2593 1000 91%
c - 123.13 28 45 57 287 73768 1 3233821 48058 1.4 48 35 19 37 87% 13577 2593 1000 91%
c - 123.89 28 44 57 288 73769 1 3250762 52644 1.4 47 35 19 37 87% 13577 2593 1000 91%
c - 124.63 28 43 57 289 73779 1 3267732 52538 1.4 47 34 19 37 87% 13577 2593 1000 91%
c - 125.33 28 43 57 290 73785 1 3284732 51176 1.4 47 34 19 37 87% 13577 2593 1000 91%
c - 126.10 28 42 57 291 73795 1 3301761 51540 1.4 47 34 19 37 87% 13577 2593 1000 91%
c - 126.90 28 41 57 292 73800 1 3318819 52379 1.4 46 34 19 37 87% 13577 2593 1000 91%
c O 127.16 28 41 57 292 73800 1 3324918 57947 1.4 46 34 19 37 87% 13577 2593 1000 91%
c u 127.63 28 41 57 292 73800 1 3333166 64401 1.4 46 33 19 37 88% 13577 2593 1000 91%
c v 127.92 46 41 57 292 73800 1 3333166 60945 1.4 46 33 19 37 88% 13577 2593 1000 91%
c w 128.03 46 41 57 292 73800 1 3333166 55429 1.4 46 33 19 37 88% 13577 2593 1000 91%
c - 128.16 31 41 57 293 73801 1 3335907 47120 1.4 46 33 19 37 88% 13577 2593 1000 91%
c ] 128.48 31 40 58 293 73801 1 3345299 56170 1.4 46 33 19 37 88% 13577 2593 1000 91%
c { 128.48 31 67 58 293 73801 7 3345299 56170 1.4 49 35 18 32 87% 13577 2593 1000 91%
c - 128.78 32 65 58 294 73801 7 3353024 52034 1.4 49 35 18 32 87% 13577 2593 1000 91%
c - 129.52 33 60 58 295 73801 6 3370172 53947 1.4 48 34 18 32 87% 13577 2593 1000 91%
c - 130.29 33 56 58 296 73801 5 3387349 55443 1.4 47 33 18 32 87% 13577 2593 1000 91%
c
c  seconds    switched      rate           size/glue  tier1      binary        remaining
c          MB   reductions     conflicts         size    tier2      irredundant
c           level     restarts        redundant     glue     trail        variables
c
c - 131.00 32 52 58 297 73801 5 3404554 56075 1.4 46 32 18 31 87% 13577 2593 1000 91%
c - 131.80 32 50 58 298 73803 4 3421787 56504 1.4 45 32 18 31 87% 13577 2593 1000 91%
c - 132.68 33 47 58 299 73803 4 3439049 57645 1.4 44 32 18 31 87% 13577 2593 1000 91%
c o 132.71 31 47 58 299 73811 4 3439652 58214 1.4 44 32 18 31 87% 13577 2593 1000 91%
c - 133.11 33 45 58 300 73819 3 3456340 58930 1.4 44 31 18 31 87% 13577 2593 1000 91%
c - 133.68 32 43 58 301 73819 3 3473660 57147 1.5 44 30 18 31 87% 13577 2593 1000 91%
c - 134.15 32 42 58 302 73843 3 3491009 57429 1.5 44 30 18 31 87% 13577 2593 1000 91%
c - 134.53 33 42 58 303 73966 3 3508388 58383 1.5 44 29 18 31 87% 13577 2593 1000 91%
c u 134.99 35 41 58 303 74047 2 3521201 69561 1.5 44 29 18 31 88% 13577 2593 1000 91%
c v 135.25 40 41 58 303 74047 2 3521201 69131 1.5 44 29 18 31 88% 13577 2593 1000 91%
c w 135.34 40 41 58 303 74047 2 3521201 68324 1.5 44 29 18 31 88% 13577 2593 1000 91%
c - 135.46 32 41 58 304 74075 2 3525794 58534 1.5 44 29 18 31 88% 13577 2593 1000 91%
c } 135.46 32 41 59 304 74075 2 3525929 58658 1.5 44 29 18 31 88% 13577 2593 1000 91%
c [ 135.46 32 40 59 304 74075 1 3525929 58658 1.4 46 33 19 37 88% 13577 2593 1000 91%
c B 135.46 32 40 59 304 74075 1 3525929 58658 1.4 46 33 19 37 88% 13577 2593 1000 91%
c - 136.09 33 40 59 305 74085 1 3543230 58950 1.4 46 33 19 36 88% 13577 2593 1000 91%
c - 136.80 33 39 59 306 74091 1 3560694 59752 1.4 45 33 19 36 88% 13577 2593 1000 91%
c - 137.44 33 39 59 307 74102 1 3578187 59893 1.4 45 33 19 36 88% 13577 2593 1000 91%
c - 138.06 32 40 59 308 74105 1 3595711 57096 1.4 45 33 19 36 88% 13577 2593 1000 91%
c - 138.80 33 40 59 309 74110 1 3613260 55523 1.4 46 33 19 36 88% 13577 2593 1000 91%
c
c  seconds    switched      rate           size/glue  tier1      binary        remaining
c          MB   reductions     conflicts         size    tier2      irredundant
c           level     restarts        redundant     glue     trail        variables
c
c - 139.69 33 40 59 310 74119 1 3630839 56713 1.4 46 33 19 36 88% 13577 2593 1000 91%
c - 140.67 32 39 59 311 74126 1 3648447 58634 1.4 46 33 18 36 88% 13577 2593 1000 91%
c ] 141.38 33 39 60 311 74134 1 3664142 72226 1.4 45 33 18 36 88% 13577 2593 1000 91%
c { 141.38 33 41 60 311 74134 2 3664142 72226 1.5 44 29 18 31 88% 13577 2593 1000 91%
c - 141.48 32 41 60 312 74156 2 3666082 60034 1.5 44 29 18 31 88% 13577 2593 1000 91%
c - 141.92 32 41 60 313 74247 2 3683745 62766 1.5 43 29 18 31 88% 13577 2593 1000 91%
c - 142.35 33 41 60 314 74278 2 3701437 63696 1.5 44 29 18 31 88% 13577 2593 1000 91%
c o 142.41 31 40 60 314 74284 2 3703481 65564 1.5 44 29 18 31 88% 13577 2593 1000 91%
c u 142.86 30 41 60 314 74467 2 3714938 75234 1.5 43 29 18 31 88% 13577 2593 1000 91%
c v 143.14 43 41 60 314 74467 2 3714938 75047 1.5 43 29 18 31 88% 13577 2593 1000 91%
c w 143.24 43 41 60 314 74467 2 3714938 74831 1.5 43 29 18 31 88% 13577 2593 1000 91%
c - 144.26 35 40 60 315 74467 2 3719157 63030 1.5 43 29 18 31 88% 13577 2593 1000 91%
c - 144.67 36 40 60 316 74600 2 3736906 63970 1.5 43 29 18 31 88% 13577 2593 1000 91%
c - 145.10 36 40 60 317 74740 2 3754682 65583 1.5 43 29 18 31 88% 13577 2593 1000 91%
c - 145.52 37 40 60 318 74817 2 3772487 67593 1.5 43 29 18 31 88% 13577 2593 1000 91%
c - 145.93 36 40 60 319 74957 2 3790322 69449 1.5 42 28 18 31 88% 13577 2593 1000 91%
c - 146.33 36 40 60 320 75141 2 3808182 70986 1.5 42 28 18 31 88% 13577 2593 1000 91%
c - 146.74 37 40 60 321 75367 2 3826072 73682 1.5 43 28 18 31 88% 13577 2593 1000 91%
c - 147.15 37 41 60 322 75636 2 3843988 75900 1.5 44 28 18 31 88% 13577 2593 1000 91%
c } 147.41 36 41 61 322 75726 2 3856395 87448 1.5 43 28 18 31 88% 13577 2593 1000 91%
c
c  seconds    switched      rate           size/glue  tier1      binary        remaining
c          MB   reductions     conflicts         size    tier2      irredundant
c           level     restarts        redundant     glue     trail        variables
c
c [ 147.41 36 39 61 322 75726 1 3856395 87448 1.4 45 33 18 36 88% 13577 2593 1000 91%
c W 147.74 31 39 61 322 75726 1 3856395 87448 1.4 45 33 18 36 88% 13577 2593 1000 91%
c - 147.88 31 41 61 323 75730 1 3861933 74969 1.4 46 33 18 36 88% 13577 2593 1000 91%
c - 148.42 31 41 61 324 75739 1 3879905 71907 1.4 46 33 18 36 88% 13577 2593 1000 91%
c - 149.08 31 41 61 325 75747 1 3897906 71853 1.4 46 33 18 36 88% 13577 2593 1000 91%
c u 149.86 40 41 61 325 75755 1 3914406 86612 1.4 46 33 18 36 87% 13577 2593 1000 91%
c v 149.99 44 41 61 325 75755 1 3914406 86407 1.4 46 33 18 36 87% 13577 2593 1000 91%
c w 150.06 47 41 61 325 75755 1 3914406 84074 1.4 46 33 18 36 87% 13577 2593 1000 91%
c - 150.20 36 41 61 326 75755 1 3915933 72000 1.4 46 33 18 36 87% 13577 2593 1000 91%
c - 150.89 36 41 61 327 75756 1 3933989 74407 1.4 47 33 18 36 87% 13577 2593 1000 91%
c ] 151.38 36 42 62 327 75762 1 3946455 86229 1.4 47 33 18 36 87% 13577 2593 1000 91%
c { 151.38 36 41 62 327 75762 2 3946455 86229 1.5 43 28 18 31 88% 13577 2593 1000 91%
c - 151.56 36 40 62 328 75790 2 3952073 74755 1.5 43 28 18 31 88% 13577 2593 1000 91%
c o 151.89 37 40 62 328 75870 2 3965999 87923 1.5 43 28 18 31 88% 13577 2593 1000 91%
c - 152.02 36 40 62 329 75932 2 3970183 78526 1.5 43 28 18 31 88% 13577 2593 1000 91%
c - 152.49 38 40 62 330 76108 2 3988321 81242 1.6 44 28 18 31 88% 13577 2593 1000 91%
c - 152.92 38 41 62 331 76410 2 4006486 82370 1.5 44 28 18 31 88% 13577 2593 1000 91%
c - 153.34 38 41 62 332 76673 2 4024679 82323 1.5 43 28 18 31 88% 13577 2593 1000 91%
c - 153.76 38 41 62 333 76894 2 4042899 83251 1.6 44 28 18 31 88% 13577 2593 1000 91%
c - 154.18 38 41 62 334 77168 2 4061147 83407 1.5 43 28 18 31 88% 13577 2593 1000 91%
c
c  seconds    switched      rate           size/glue  tier1      binary        remaining
c          MB   reductions     conflicts         size    tier2      irredundant
c           level     restarts        redundant     glue     trail        variables
c
c - 154.62 38 41 62 335 77367 2 4079422 83209 1.5 43 28 18 31 88% 13577 2593 1000 91%
c - 155.04 38 41 62 336 77549 2 4097726 83780 1.5 43 28 18 31 88% 13577 2593 1000 91%
c - 155.46 38 41 62 337 77726 2 4116056 84138 1.5 42 28 18 31 88% 13577 2593 1000 91%
c u 155.71 39 40 62 337 77754 2 4119631 87152 1.5 42 28 18 31 88% 13577 2593 1000 91%
c v 155.88 41 40 62 337 77754 2 4119631 85704 1.5 42 28 18 31 88% 13577 2593 1000 91%
c w 155.94 41 40 62 337 77754 2 4119631 85213 1.5 42 28 18 31 88% 13577 2593 1000 91%
c - 156.28 37 40 62 338 77798 2 4134413 82696 1.5 42 28 18 31 88% 13577 2593 1000 91%
c } 156.65 36 40 63 338 78080 2 4150666 97974 1.5 42 28 18 31 88% 13577 2593 1000 91%
c [ 156.65 36 42 63 338 78080 1 4150666 97974 1.4 47 33 18 36 87% 13577 2593 1000 91%
c I 156.65 36 42 63 338 78080 1 4150666 97974 1.4 47 33 18 36 87% 13577 2593 1000 91%
c - 156.72 37 44 63 339 78082 1 4152799 84902 1.4 48 34 18 36 87% 13577 2593 1000 91%
c - 157.42 41 51 63 340 78093 1 4171210 77704 1.5 55 37 19 36 87% 13577 2593 1000 91%
c - 158.25 31 56 63 341 78100 1 4189650 67795 1.5 61 40 19 36 88% 13577 2593 1000 91%
c - 159.12 36 60 63 342 78109 1 4208116 64782 1.6 67 41 19 36 88% 13577 2593 1000 91%
c - 159.92 37 64 63 343 78110 1 4226609 63303 1.7 71 43 19 36 88% 13577 2593 1000 91%
c - 160.76 36 67 63 344 78118 1 4245130 61422 1.7 75 44 19 36 88% 13577 2593 1000 91%
c ] 160.83 36 67 64 344 78119 1 4246873 63123 1.7 75 44 19 36 88% 13577 2593 1000 91%
c { 160.83 36 40 64 344 78119 2 4246873 63123 1.5 42 28 18 31 88% 13577 2593 1000 91%
c o 160.84 34 40 64 344 78142 2 4246975 63221 1.5 42 28 18 31 88% 13577 2593 1000 91%
c - 161.22 36 39 64 345 78243 2 4263677 69390 1.5 42 28 18 31 88% 13577 2593 1000 91%
c
c  seconds    switched      rate           size/glue  tier1      binary        remaining
c          MB   reductions     conflicts         size    tier2      irredundant
c           level     restarts        redundant     glue     trail        variables
c
c - 161.65 38 39 64 346 78390 2 4282251 79335 1.5 42 28 18 31 88% 13577 2593 1000 91%
c - 162.08 37 39 64 347 78713 2 4300852 81805 1.5 42 28 18 31 88% 13577 2593 1000 91%
c - 162.50 37 39 64 348 78797 2 4319479 82749 1.5 42 28 18 31 87% 13577 2593 1000 91%
c u 162.94 39 39 64 348 79040 2 4330643 92777 1.5 42 28 18 31 87% 13577 2593 1000 91%
c v 163.16 44 39 64 348 79040 2 4330643 91210 1.5 42 28 18 31 87% 13577 2593 1000 91%
c w 163.23 44 39 64 348 79040 2 4330643 90576 1.5 42 28 18 31 87% 13577 2593 1000 91%
c - 163.41 37 39 64 349 79091 2 4338133 80786 1.5 42 28 18 31 87% 13577 2593 1000 91%
c - 163.81 37 39 64 350 79488 2 4356814 82760 1.5 42 28 18 31 88% 13577 2593 1000 91%
c - 164.21 37 39 64 351 79767 2 4375522 83074 1.5 42 28 18 31 88% 13577 2593 1000 91%
c - 164.62 37 40 64 352 80163 2 4394256 83849 1.5 42 28 18 31 88% 13577 2593 1000 91%
c - 165.02 37 40 64 353 80417 2 4413017 84255 1.5 42 28 18 31 88% 13577 2593 1000 91%
c - 165.46 38 41 64 354 80995 2 4431805 84704 1.5 42 28 18 31 88% 13577 2593 1000 91%
c - 165.86 38 41 64 355 81216 2 4450620 86003 1.5 42 28 18 31 88% 13577 2593 1000 91%
c } 166.13 37 40 65 355 81285 2 4463372 97549 1.5 41 28 18 31 88% 13577 2593 1000 91%
c [ 166.13 37 67 65 355 81285 1 4463372 97549 1.7 75 44 19 36 88% 13577 2593 1000 91%
c B 166.13 37 67 65 355 81285 1 4463372 97549 1.7 75 44 19 36 88% 13577 2593 1000 91%
c - 166.26 37 67 65 356 81289 1 4469462 85790 1.7 74 44 19 36 88% 13577 2593 1000 91%
c - 166.86 39 64 65 357 81299 1 4488329 79333 1.6 70 43 19 36 88% 13577 2593 1000 91%
c - 167.56 37 60 65 358 81306 1 4507225 75225 1.6 66 42 19 36 89% 13577 2593 1000 91%
c - 168.31 38 57 65 359 81314 1 4526146 75784 1.5 63 41 19 36 89% 13577 2593 1000 91%
c
c  seconds    switched      rate           size/glue  tier1      binary        remaining
c          MB   reductions     conflicts         size    tier2      irredundant
c           level     restarts        redundant     glue     trail        variables
c
c - 168.98 37 55 65 360 81315 1 4545093 74750 1.5 61 40 19 36 89% 13577 2593 1000 91%
c u 169.23 41 55 65 360 81318 1 4547468 76488 1.5 60 40 19 36 89% 13577 2593 1000 91%
c v 169.40 43 55 65 360 81318 1 4547468 76414 1.5 60 40 19 36 89% 13577 2593 1000 91%
c w 169.47 46 55 65 360 81318 1 4547468 75701 1.5 60 40 19 36 89% 13577 2593 1000 91%
c o 169.48 46 55 65 360 81318 1 4547468 75701 1.5 60 40 19 36 89% 13577 2593 1000 91%
c - 169.89 38 54 65 361 81328 1 4564067 74092 1.5 58 39 19 36 89% 13577 2593 1000 91%
c ] 170.08 36 53 66 361 81330 1 4570487 79889 1.5 57 39 19 36 89% 13577 2593 1000 91%
c { 170.08 36 40 66 361 81330 2 4570487 79889 1.5 41 28 18 31 88% 13577 2593 1000 91%
c - 170.41 37 39 66 362 81332 2 4583068 78145 1.5 41 28 18 31 88% 13577 2593 1000 91%
c - 170.87 38 38 66 363 81339 2 4602094 81713 1.5 40 28 18 31 88% 13577 2593 1000 91%
c - 171.36 37 37 66 364 81350 2 4621146 82087 1.4 39 27 18 31 88% 13577 2593 1000 91%
c - 171.83 38 36 66 365 81355 2 4640224 82243 1.4 39 27 18 31 88% 13577 2593 1000 91%
c - 172.39 37 35 66 366 81356 2 4659329 81517 1.4 38 27 18 31 87% 13577 2593 1000 91%
c - 172.99 38 34 66 367 81364 2 4678461 80822 1.4 37 27 18 31 87% 13577 2593 1000 91%
c - 173.46 37 33 66 368 81383 1 4697618 82105 1.4 37 27 18 31 87% 13577 2593 1000 91%
c - 173.91 38 33 66 369 81384 1 4716802 82630 1.4 37 27 18 31 87% 13577 2593 1000 91%
c - 174.41 36 32 66 370 81384 1 4736011 83508 1.4 37 26 18 31 86% 13577 2593 1000 91%
c - 174.93 38 32 66 371 81393 1 4755246 85634 1.4 37 26 18 31 87% 13577 2593 1000 91%
c u 175.49 41 32 66 371 81405 1 4770133 97878 1.4 37 26 18 31 87% 13577 2593 1000 91%
c v 175.73 54 32 66 371 81405 1 4770133 96991 1.4 37 26 18 31 87% 13577 2593 1000 91%
c
c  seconds    switched      rate           size/glue  tier1      binary        remaining
c          MB   reductions     conflicts         size    tier2      irredundant
c           level     restarts        redundant     glue     trail        variables
c
c w 175.79 54 32 66 371 81405 1 4770133 96865 1.4 37 26 18 31 87% 13577 2593 1000 91%
c - 175.90 37 31 66 372 81405 1 4774508 87190 1.4 36 26 18 31 87% 13577 2593 1000 91%
c - 176.39 38 31 66 373 81413 1 4793795 88926 1.4 36 26 18 31 87% 13577 2593 1000 91%
c } 176.56 38 31 67 373 81413 1 4799602 93536 1.4 36 26 18 31 86% 13577 2593 1000 91%
c [ 176.56 38 53 67 373 81413 1 4799602 93536 1.5 57 39 19 36 89% 13577 2593 1000 91%
c W 176.96 32 53 67 373 81413 1 4799602 93536 1.5 57 39 19 36 89% 13577 2593 1000 91%
c - 177.26 32 53 67 374 81421 1 4813108 88140 1.5 55 38 19 36 89% 13577 2593 1000 91%
c - 177.89 32 50 67 375 81428 1 4832447 89274 1.4 53 37 19 36 89% 13577 2593 1000 91%
c - 178.62 32 48 67 376 81440 1 4851811 91521 1.4 51 36 19 36 89% 13577 2593 1000 91%
c - 179.34 33 46 67 377 81443 1 4871201 91941 1.4 50 35 19 36 89% 13577 2593 1000 91%
c - 180.17 33 44 67 378 81450 1 4890617 91194 1.4 48 34 19 36 89% 13577 2593 1000 91%
c - 181.00 33 42 67 379 81458 1 4910059 90903 1.4 47 33 19 36 89% 13577 2593 1000 91%
c - 181.91 33 41 67 380 81468 1 4929526 90004 1.4 47 33 19 36 89% 13577 2593 1000 91%
c ] 182.16 33 41 68 380 81471 1 4934862 94604 1.4 47 33 19 36 89% 13577 2593 1000 91%
c { 182.16 33 31 68 380 81471 1 4934862 94604 1.4 36 26 18 31 86% 13577 2593 1000 91%
c o 182.18 33 31 68 380 81475 1 4935160 94851 1.4 36 26 18 31 87% 13577 2593 1000 91%
c - 182.58 33 33 68 381 82733 2 4949020 89760 1.4 37 26 18 31 87% 13577 2593 1000 91%
c - 183.06 33 35 68 382 83622 2 4968539 88083 1.4 37 26 18 31 87% 13577 2593 1000 91%
c - 183.53 33 36 68 383 84544 2 4988084 86961 1.4 38 27 18 31 87% 13577 2593 1000 91%
c u 184.02 33 37 68 383 84986 3 4998668 95944 1.4 39 27 18 31 87% 13577 2593 1000 91%
c
c  seconds    switched      rate           size/glue  tier1      binary        remaining
c          MB   reductions     conflicts         size    tier2      irredundant
c           level     restarts        redundant     glue     trail        variables
c
c v 184.29 43 37 68 383 84986 3 4998668 94477 1.4 39 27 18 31 87% 13577 2593 1000 91%
c w 184.39 43 37 68 383 84986 3 4998668 94299 1.4 39 27 18 31 87% 13577 2593 1000 91%
c - 184.63 39 38 68 384 85503 3 5007655 85376 1.4 39 27 18 31 87% 13577 2593 1000 91%
c - 185.03 39 37 68 385 85700 3 5027250 85500 1.4 39 27 18 31 87% 13577 2593 1000 91%
c - 185.46 39 38 68 386 86204 3 5046872 87253 1.5 40 27 18 31 87% 13577 2593 1000 91%
c - 185.91 39 39 68 387 86821 3 5066519 88245 1.5 40 27 18 31 87% 13577 2593 1000 91%
c - 186.38 39 40 68 388 87571 3 5086191 89854 1.5 40 27 18 31 87% 13577 2593 1000 91%
c - 186.80 39 39 68 389 87772 3 5105891 91615 1.5 40 27 18 31 87% 13577 2593 1000 91%
c - 187.22 39 39 68 390 88023 3 5125614 93978 1.5 40 27 18 31 87% 13577 2593 1000 91%
c - 187.66 39 38 68 391 88341 3 5145362 95471 1.5 40 27 18 31 87% 13577 2593 1000 91%
c - 188.12 40 39 68 392 88849 3 5165136 96721 1.5 40 27 18 31 87% 13577 2593 1000 91%
c } 188.40 39 40 69 392 89280 3 5176921 107993 1.5 40 27 18 31 87% 13577 2593 1000 91%
c [ 188.40 39 41 69 392 89280 1 5176921 107993 1.4 47 33 19 36 89% 13577 2593 1000 91%
c O 188.40 39 41 69 392 89280 1 5176921 107993 1.4 47 33 19 36 89% 13577 2593 1000 91%
c - 188.62 40 41 69 393 89285 1 5184934 97279 1.4 46 33 19 36 89% 13577 2593 1000 91%
c - 189.44 39 40 69 394 89294 1 5204761 96457 1.4 46 33 19 36 89% 13577 2593 1000 91%
c - 190.22 39 39 69 395 89304 1 5224611 97087 1.4 46 32 19 36 89% 13577 2593 1000 91%
c u 190.73 43 39 69 395 89308 1 5233101 104888 1.4 46 32 19 36 89% 13577 2593 1000 91%
c v 190.94 52 39 69 395 89308 1 5233101 102305 1.4 46 32 19 36 89% 13577 2593 1000 91%
c w 191.03 52 39 69 395 89308 1 5233101 101645 1.4 46 32 19 36 89% 13577 2593 1000 91%
c
c  seconds    switched      rate           size/glue  tier1      binary        remaining
c          MB   reductions     conflicts         size    tier2      irredundant
c           level     restarts        redundant     glue     trail        variables
c
c - 191.58 40 39 69 396 89310 1 5244486 95521 1.4 45 32 19 36 89% 13577 2593 1000 91%
c - 192.63 41 38 69 397 89315 1 5264385 97048 1.4 45 32 19 36 89% 13577 2593 1000 91%
c ] 192.94 39 38 70 397 89319 1 5272249 104354 1.4 45 32 19 36 89% 13577 2593 1000 91%
c { 192.94 39 40 70 397 89319 3 5272249 104354 1.5 40 27 18 31 87% 13577 2593 1000 91%
c o 192.94 39 40 70 397 89330 3 5272300 104404 1.5 40 27 18 31 87% 13577 2593 1000 91%
c - 193.63 42 57 70 398 91918 6 5284309 91697 1.5 46 30 18 31 87% 13577 2593 1000 91%
c - 195.06 43 83 70 399 96220 12 5304260 79990 1.6 53 34 18 31 87% 13577 2593 1000 91%
c - 196.70 32 107 70 400 100423 19 5324235 72862 1.6 58 37 18 31 87% 13577 2593 1000 91%
c - 198.23 37 128 70 401 103936 23 5344235 71241 1.5 62 40 18 31 86% 13577 2593 1000 91%
c - 199.68 37 145 70 402 107303 26 5364259 69527 1.5 66 42 18 31 86% 13577 2593 1000 91%
c - 201.16 37 159 70 403 110578 28 5384308 67896 1.5 69 44 18 31 86% 13577 2593 1000 91%
c - 202.57 37 170 70 404 113564 29 5404383 67153 1.6 72 46 18 31 86% 13577 2593 1000 91%
c - 204.01 37 179 70 405 116448 30 5424482 65964 1.6 74 48 18 31 86% 13577 2593 1000 91%
c - 205.39 37 187 70 406 119022 30 5444607 66183 1.6 77 49 18 31 86% 13577 2593 1000 91%
c - 206.77 37 193 70 407 121502 30 5464756 66551 1.6 80 51 18 31 86% 13577 2593 1000 91%
c u 207.76 41 196 70 407 122452 30 5473430 73545 1.6 81 51 18 31 86% 13577 2593 1000 91%
c v 208.19 41 196 70 407 122452 30 5473430 72834 1.6 81 51 18 31 86% 13577 2593 1000 91%
c w 208.40 41 196 70 407 122452 30 5473430 72796 1.6 81 51 18 31 86% 13577 2593 1000 91%
c - 209.12 37 198 70 408 123517 29 5484930 65061 1.6 82 52 18 31 86% 13577 2593 1000 91%
c - 210.31 37 202 70 409 125408 29 5505130 65894 1.6 84 53 18 31 86% 13577 2593 1000 91%
c
c  seconds     switched        rate           size/glue  tier1      binary        remaining
c          MB    reductions       conflicts         size    tier2      irredundant
c            level      restarts         redundant     glue     trail        variables
c
c - 211.37 37 205 70 410 126983 27 5525355 67103 1.6 86 53 18 31 86% 13577 2593 1000 91%
c } 211.48 36 205 71 410 127144 27 5527578 69125 1.6 85 53 18 31 86% 13577 2593 1000 91%
c [ 211.48 36 38 71 410 127144 1 5527578 69125 1.4 45 32 19 36 89% 13577 2593 1000 91%
c B 211.48 36 38 71 410 127144 1 5527578 69125 1.4 45 32 19 36 89% 13577 2593 1000 91%
c - 211.99 37 38 71 411 127155 1 5545605 74178 1.4 45 32 18 36 88% 13577 2593 1000 91%
c - 212.76 37 38 71 412 127163 1 5565882 82798 1.4 44 32 18 36 88% 13577 2593 1000 91%
c - 213.64 39 38 71 413 127173 1 5586179 86016 1.4 44 32 18 36 88% 13577 2593 1000 91%
c - 214.58 39 38 71 414 127174 1 5606502 86369 1.4 44 32 18 36 88% 13577 2593 1000 91%
c - 215.61 38 38 71 415 127185 1 5626848 84380 1.4 44 32 18 36 88% 13577 2593 1000 91%
c - 216.56 38 40 71 416 127193 1 5647221 78221 1.4 46 33 18 36 88% 13577 2593 1000 91%
c - 217.62 37 40 71 417 127204 1 5667617 74797 1.4 46 33 18 36 88% 13577 2593 1000 91%
c - 218.66 38 40 71 418 127205 1 5688037 74674 1.4 46 33 18 35 88% 13577 2593 1000 91%
c - 219.64 38 41 71 419 127206 1 5708483 72171 1.4 47 33 18 35 88% 13577 2593 1000 91%
c u 220.57 43 41 71 419 127206 1 5719712 81262 1.4 47 33 18 35 88% 13577 2593 1000 91%
c v 221.03 48 41 71 419 127206 1 5719712 81173 1.4 47 33 18 35 88% 13577 2593 1000 91%
c w 221.20 50 41 71 419 127206 1 5719712 81128 1.4 47 33 18 35 88% 13577 2593 1000 91%
c o 221.21 50 41 71 419 127206 1 5719712 81128 1.4 47 33 18 35 88% 13577 2593 1000 91%
c - 221.47 39 44 71 420 127210 1 5728952 68648 1.4 48 33 18 35 88% 13577 2593 1000 91%
c W 222.44 33 44 71 420 127220 1 5744862 82814 1.4 48 33 18 35 88% 13577 2593 1000 91%
c - 222.57 33 50 71 421 127221 1 5749446 63621 1.4 49 35 18 35 88% 13577 2593 1000 91%
c
c  seconds    switched       rate           size/glue  tier1      binary        remaining
c          MB   reductions      conflicts         size    tier2      irredundant
c           level      restarts        redundant     glue     trail        variables
c
c - 223.22 33 50 71 422 127229 1 5769965 56311 1.4 50 36 18 36 88% 13577 2593 1000 91%
c - 223.90 33 49 71 423 127237 1 5790508 52917 1.4 50 36 18 36 88% 13577 2593 1000 91%
c - 224.72 33 48 71 424 127241 1 5811074 52013 1.4 50 36 18 36 88% 13577 2593 1000 91%
c - 225.50 33 47 71 425 127252 1 5831669 54219 1.4 50 36 18 36 88% 13577 2593 1000 91%
c - 226.26 33 47 71 426 127260 1 5852285 54832 1.4 50 36 18 36 88% 13577 2593 1000 91%
c - 227.03 33 46 71 427 127268 1 5872927 53172 1.4 50 37 18 36 88% 13577 2593 1000 91%
c - 227.82 33 46 71 428 127269 1 5893591 51480 1.4 50 37 19 36 88% 13577 2593 1000 91%
c - 228.68 33 45 71 429 127269 1 5914281 52402 1.4 50 37 19 36 88% 13577 2593 1000 91%
c ] 229.32 33 45 72 429 127270 1 5930874 67320 1.4 50 37 19 36 88% 13577 2593 1000 91%
c { 229.32 33 205 72 429 127270 27 5930874 67320 1.6 85 53 18 31 86% 13577 2593 1000 91%
c - 229.50 33 199 72 430 127270 26 5934994 55281 1.6 84 52 18 31 86% 13577 2593 1000 91%
c - 230.41 33 170 72 431 127270 21 5955731 53912 1.6 77 50 18 31 86% 13577 2593 1000 91%
c u 231.40 33 151 72 431 127270 18 5971945 66952 1.5 73 48 18 31 86% 13577 2593 1000 91%
c v 231.71 44 151 72 431 127270 18 5971945 66784 1.5 73 48 18 31 86% 13577 2593 1000 91%
c w 231.86 52 151 72 431 127270 18 5971945 63352 1.5 73 48 18 31 86% 13577 2593 1000 91%
c - 233.19 39 148 72 432 127274 17 5976492 51023 1.5 72 47 18 31 86% 13577 2593 1000 91%
c - 233.76 39 128 72 433 127274 14 5997276 53886 1.5 67 45 18 31 85% 13577 2593 1000 91%
c - 234.38 39 112 72 434 127274 12 6018087 54019 1.5 63 43 18 31 85% 13577 2593 1000 91%
c - 235.05 39 99 72 435 127274 10 6038920 59088 1.4 59 41 18 31 85% 13577 2593 1000 91%
c - 235.79 40 87 72 436 127274 8 6059777 65496 1.4 57 39 18 31 85% 13577 2593 1000 91%
c
c  seconds    switched       rate           size/glue  tier1      binary        remaining
c          MB   reductions      conflicts         size    tier2      irredundant
c           level      restarts        redundant     glue     trail        variables
c
c - 236.58 40 78 72 437 127274 7 6080659 68414 1.4 55 38 18 31 85% 13577 2593 1000 91%
c - 237.53 39 70 72 438 127274 6 6101563 67760 1.4 52 37 18 31 85% 13577 2593 1000 91%
c - 238.31 40 64 72 439 127274 5 6122491 67671 1.4 50 36 18 31 85% 13577 2593 1000 91%
c - 239.09 40 59 72 440 127275 4 6143445 66289 1.4 49 35 18 31 85% 13577 2593 1000 91%
c - 239.79 40 55 72 441 127280 4 6164423 64428 1.4 50 34 18 31 86% 13577 2593 1000 91%
c - 240.43 40 52 72 442 127288 3 6185425 63164 1.4 49 34 18 32 86% 13577 2593 1000 91%
c } 240.90 39 51 73 442 127288 3 6199790 76913 1.5 49 34 18 32 86% 13577 2593 1000 91%
c [ 240.90 39 45 73 442 127288 1 6199790 76913 1.4 50 37 19 36 88% 13577 2593 1000 91%
c I 240.90 39 45 73 442 127288 1 6199790 76913 1.4 50 37 19 36 88% 13577 2593 1000 91%
c o 240.90 39 45 73 442 127288 1 6199790 76913 1.4 50 37 19 36 88% 13577 2593 1000 91%
c - 241.03 41 49 73 443 127293 1 6206448 61804 1.4 51 37 19 36 88% 13577 2593 1000 91%
c - 241.67 40 53 73 444 127302 1 6227496 54488 1.4 55 39 19 36 87% 13577 2593 1000 91%
c u 241.92 41 54 73 444 127302 1 6230159 56314 1.4 55 39 19 36 87% 13577 2593 1000 91%
c v 242.12 44 54 73 444 127302 1 6230159 55780 1.4 55 39 19 36 87% 13577 2593 1000 91%
c w 242.20 44 54 73 444 127302 1 6230159 55329 1.4 55 39 19 36 87% 13577 2593 1000 91%
c - 242.81 40 54 73 445 127312 1 6248567 46185 1.4 57 39 19 36 87% 13577 2593 1000 91%
c - 243.60 40 54 73 446 127318 1 6269662 45999 1.5 59 39 19 36 87% 13577 2593 1000 91%
c - 244.43 39 54 73 447 127325 1 6290780 46977 1.5 61 39 19 36 88% 13577 2593 1000 91%
c - 245.18 39 55 73 448 127333 1 6311922 45744 1.6 63 40 19 36 88% 13577 2593 1000 91%
c - 246.02 40 54 73 449 127346 1 6333091 44555 1.6 63 40 19 36 88% 13577 2593 1000 91%
c
c  seconds    switched       rate           size/glue  tier1      binary        remaining
c          MB   reductions      conflicts         size    tier2      irredundant
c           level      restarts        redundant     glue     trail        variables
c
c - 246.85 39 53 73 450 127349 1 6354280 45706 1.6 64 40 19 36 88% 13577 2593 1000 91%
c - 247.68 39 52 73 451 127350 1 6375495 44889 1.6 64 39 19 36 89% 13577 2593 1000 91%
c - 248.59 40 52 73 452 127351 1 6396731 44928 1.6 64 39 19 36 89% 13577 2593 1000 91%
c - 249.48 38 51 73 453 127364 1 6417991 48050 1.7 64 39 19 36 89% 13577 2593 1000 91%
c B 250.05 39 50 73 453 127369 1 6433757 63384 1.7 64 38 19 36 89% 13577 2593 1000 91%
c - 250.18 40 51 73 454 127372 1 6439276 50601 1.7 63 38 19 36 89% 13577 2593 1000 91%
c - 250.75 39 48 73 455 127380 1 6460583 56367 1.6 59 37 19 36 89% 13577 2593 1000 91%
c ] 250.84 39 48 74 455 127381 1 6463784 59268 1.6 59 36 19 36 89% 13577 2593 1000 91%
c { 250.84 39 51 74 455 127381 3 6463784 59268 1.5 49 34 18 32 86% 13577 2593 1000 91%
c - 251.44 40 48 74 456 127381 3 6481918 63372 1.4 48 33 18 32 86% 13577 2593 1000 91%
c u 252.15 44 47 74 456 127384 3 6494382 73457 1.4 47 33 18 32 86% 13577 2593 1000 91%
c v 252.51 55 47 74 456 127384 3 6494382 69283 1.4 47 33 18 32 86% 13577 2593 1000 91%
c w 252.64 55 47 74 456 127384 3 6494382 67900 1.4 47 33 18 32 86% 13577 2593 1000 91%
c - 252.86 39 47 74 457 127387 2 6503273 60824 1.5 48 33 18 32 86% 13577 2593 1000 91%
c - 253.42 39 47 74 458 127406 2 6524650 67269 1.5 49 32 18 32 86% 13577 2593 1000 91%
c - 254.01 41 47 74 459 127413 2 6546052 70411 1.6 50 32 18 32 87% 13577 2593 1000 91%
c - 254.64 41 45 74 460 127424 2 6567477 71915 1.6 49 31 18 32 87% 13577 2593 1000 91%
c o 255.05 39 44 74 460 127434 2 6579272 82004 1.5 48 31 18 32 87% 13577 2593 1000 91%
c - 255.29 41 45 74 461 127435 2 6588926 72972 1.6 48 31 18 32 87% 13577 2593 1000 91%
c - 255.87 42 44 74 462 127454 2 6610397 75510 1.6 48 30 18 31 87% 13577 2593 1000 91%
c
c  seconds    switched       rate           size/glue  tier1      binary        remaining
c          MB   reductions      conflicts         size    tier2      irredundant
c           level      restarts        redundant     glue     trail        variables
c
c - 256.36 41 43 74 463 127503 2 6631891 75705 1.6 48 30 18 31 87% 13577 2593 1000 91%
c - 256.92 42 42 74 464 127542 2 6653408 76994 1.6 47 30 18 31 88% 13577 2593 1000 91%
c - 257.46 42 42 74 465 127571 2 6674948 79575 1.6 48 29 18 31 88% 13577 2593 1000 91%
c - 257.92 41 40 74 466 127609 2 6696511 80279 1.6 46 29 18 31 88% 13577 2593 1000 91%
c - 258.41 42 40 74 467 127698 2 6718099 80592 1.6 45 29 18 31 87% 13577 2593 1000 91%
c - 258.99 42 40 74 468 127747 2 6739712 81858 1.5 44 29 18 31 87% 13577 2593 1000 91%
c } 259.16 39 39 75 468 127749 1 6746608 87924 1.5 44 29 18 31 87% 13577 2593 1000 91%
c [ 259.16 39 48 75 468 127749 1 6746608 87924 1.6 59 36 19 36 89% 13577 2593 1000 91%
c W 259.77 36 48 75 468 127749 1 6746608 87924 1.6 59 36 19 36 89% 13577 2593 1000 91%
c - 260.16 36 51 75 469 127758 1 6761345 77151 1.6 60 37 19 36 88% 13577 2593 1000 91%
c u 260.44 36 51 75 469 127760 1 6764641 79631 1.6 59 37 19 36 88% 13577 2593 1000 91%
c v 260.66 49 51 75 469 127760 1 6764641 75926 1.6 59 37 19 36 88% 13577 2593 1000 91%
c w 260.74 49 51 75 469 127760 1 6764641 74721 1.6 59 37 19 36 88% 13577 2593 1000 91%
c - 261.28 41 51 75 470 127766 1 6783002 67269 1.6 58 37 19 36 88% 13577 2593 1000 91%
c - 261.98 41 49 75 471 127778 1 6804682 66664 1.5 57 37 19 36 88% 13577 2593 1000 91%
c - 262.79 41 48 75 472 127779 1 6826385 70842 1.6 56 36 19 36 88% 13577 2593 1000 91%
c - 263.78 41 48 75 473 127792 1 6848112 73721 1.6 56 36 19 36 88% 13577 2593 1000 91%
c - 264.85 42 47 75 474 127801 1 6869864 73069 1.6 56 35 19 36 88% 13577 2593 1000 91%
c - 265.97 40 45 75 475 127809 1 6891635 75971 1.6 55 35 19 36 88% 13577 2593 1000 91%
c ] 266.73 41 45 76 475 127810 1 6909699 93011 1.6 55 35 19 36 88% 13577 2593 1000 91%
c
c  seconds    switched       rate           size/glue  tier1      binary        remaining
c          MB   reductions      conflicts         size    tier2      irredundant
c           level      restarts        redundant     glue     trail        variables
c
c { 266.73 41 39 76 475 127810 1 6909699 93011 1.5 44 29 18 31 87% 13577 2593 1000 91%
c - 266.88 42 39 76 476 127858 2 6913429 78876 1.5 44 29 18 31 87% 13577 2593 1000 91%
c o 267.02 41 40 76 476 127921 2 6920070 85112 1.5 44 29 18 31 87% 13577 2593 1000 91%
c - 267.34 42 39 76 477 128006 2 6935249 80680 1.5 43 29 18 31 87% 13577 2593 1000 91%
c - 267.87 42 38 76 478 128084 2 6957089 81766 1.5 42 28 18 31 87% 13577 2593 1000 91%
c - 268.36 42 38 76 479 128197 2 6978952 84353 1.5 42 28 18 31 87% 13577 2593 1000 91%
c - 268.87 42 38 76 480 128371 2 7000838 85828 1.5 42 28 18 31 87% 13577 2593 1000 91%
c - 269.40 42 38 76 481 128463 2 7022747 88133 1.5 42 28 18 31 87% 13577 2593 1000 91%
c u 270.04 44 38 76 481 128637 2 7040937 103514 1.5 41 28 18 31 87% 13577 2593 1000 91%
c v 270.36 50 38 76 481 128637 2 7040937 99708 1.5 41 28 18 31 87% 13577 2593 1000 91%
c w 270.48 51 38 76 481 128637 2 7040937 98479 1.5 41 28 18 31 87% 13577 2593 1000 91%
c - 270.58 41 38 76 482 128659 2 7044678 84159 1.5 41 28 18 31 87% 13577 2593 1000 91%
c - 271.07 43 38 76 483 128759 2 7066634 89422 1.5 41 28 18 31 87% 13577 2593 1000 91%
c - 271.66 43 37 76 484 128854 2 7088612 92542 1.5 41 28 18 31 87% 13577 2593 1000 91%
c - 272.15 43 38 76 485 129174 2 7110612 94127 1.5 41 28 18 31 87% 13577 2593 1000 91%
c - 272.64 43 38 76 486 129482 2 7132634 94774 1.5 41 28 18 31 88% 13577 2593 1000 91%
c - 273.12 43 39 76 487 129898 2 7154679 96011 1.5 41 28 18 31 88% 13577 2593 1000 91%
c - 273.63 43 39 76 488 130151 2 7176747 97128 1.5 42 28 18 31 87% 13577 2593 1000 91%
c - 274.13 43 39 76 489 130394 2 7198838 98317 1.5 42 28 18 31 87% 13577 2593 1000 91%
c } 274.31 42 39 77 489 130471 2 7206750 105726 1.5 41 28 18 31 87% 13577 2593 1000 91%
c
c  seconds    switched       rate            size/glue  tier1      binary        remaining
c          MB   reductions      conflicts          size    tier2      irredundant
c           level      restarts        redundant      glue     trail        variables
c
c [ 274.31 42 45 77 489 130471 1 7206750 105726 1.6 55 35 19 36 88% 13577 2593 1000 91%
c O 274.31 42 45 77 489 130471 1 7206750 105726 1.6 55 35 19 36 88% 13577 2593 1000 91%
c - 274.66 43 44 77 490 130479 1 7220954 99594 1.6 54 34 19 36 88% 13577 2593 1000 91%
c - 275.44 43 43 77 491 130488 1 7243090 100423 1.6 53 33 19 36 88% 13577 2593 1000 91%
c - 276.42 45 41 77 492 130500 1 7265249 100920 1.6 52 33 19 36 88% 13577 2593 1000 91%
c - 277.50 45 40 77 493 130501 1 7287430 101905 1.6 51 32 19 36 88% 13577 2593 1000 91%
c - 278.59 46 39 77 494 130515 1 7309634 101105 1.6 50 31 19 36 88% 13577 2593 1000 91%
c u 279.43 49 39 77 494 130518 1 7323324 113370 1.6 50 31 19 36 88% 13577 2593 1000 91%
c v 279.78 64 39 77 494 130518 1 7323324 105154 1.6 50 31 19 36 88% 13577 2593 1000 91%
c w 279.90 64 39 77 494 130518 1 7323324 103658 1.6 50 31 19 36 88% 13577 2593 1000 91%
c o 279.91 64 39 77 494 130518 1 7323324 103658 1.6 50 31 19 36 88% 13577 2593 1000 91%
c - 280.15 43 39 77 495 130523 1 7331861 93562 1.6 49 31 19 36 88% 13577 2593 1000 91%
c ] 280.52 44 39 78 495 130530 1 7344195 104726 1.5 48 31 19 36 88% 13577 2593 1000 91%
c { 280.52 44 39 78 495 130530 2 7344195 104726 1.5 41 28 18 31 87% 13577 2593 1000 91%
c - 280.75 45 40 78 496 130651 2 7354109 95860 1.5 42 28 18 31 87% 13577 2593 1000 91%
c - 281.25 46 40 78 497 131038 2 7376380 96345 1.5 42 28 18 31 87% 13577 2593 1000 91%
c - 281.78 45 40 78 498 131281 2 7398680 95810 1.5 42 28 18 31 88% 13577 2593 1000 91%
c - 282.30 45 40 78 499 131521 2 7420995 96989 1.5 42 28 18 31 88% 13577 2593 1000 91%
c - 282.94 43 38 78 500 131538 2 7443335 98257 1.5 42 28 18 31 88% 13577 2593 1000 91%
c - 283.45 44 39 78 501 131917 2 7465696 99978 1.5 42 28 18 31 88% 13577 2593 1000 91%
c
c  seconds    switched       rate            size/glue  tier1      binary        remaining
c          MB   reductions      conflicts          size    tier2      irredundant
c           level      restarts        redundant      glue     trail        variables
c
c - 283.98 46 40 78 502 132382 2 7488080 101161 1.5 42 28 18 31 88% 13577 2593 1000 91%
c - 284.50 45 40 78 503 132699 2 7510485 103341 1.5 43 28 18 31 88% 13577 2593 1000 91%
c - 285.01 45 40 78 504 133046 2 7532912 105673 1.5 43 28 18 31 88% 13577 2593 1000 91%
c - 285.51 45 40 78 505 133290 2 7555363 107450 1.5 42 28 18 31 88% 13577 2593 1000 91%
c - 286.02 45 39 78 506 133385 2 7577835 109426 1.5 42 28 18 31 88% 13577 2593 1000 91%
c - 286.57 47 39 78 507 133757 2 7600330 110154 1.5 42 28 18 31 88% 13577 2593 1000 91%
c u 287.06 48 40 78 507 134020 2 7611802 120514 1.5 42 28 18 31 88% 13577 2593 1000 91%
c v 287.29 51 40 78 507 134020 2 7611802 117473 1.5 42 28 18 31 88% 13577 2593 1000 91%
c w 287.37 54 40 78 507 134020 2 7611802 117324 1.5 42 28 18 31 88% 13577 2593 1000 91%
c - 287.65 45 40 78 508 134251 2 7622847 108831 1.5 42 28 18 31 88% 13577 2593 1000 91%
c - 288.18 46 40 78 509 134697 2 7645386 110030 1.5 42 28 18 31 88% 13577 2593 1000 91%
c } 288.43 45 41 79 509 134980 2 7655786 120019 1.5 43 28 18 31 88% 13577 2593 1000 91%
c [ 288.43 45 39 79 509 134980 1 7655786 120019 1.5 48 31 19 36 88% 13577 2593 1000 91%
c B 288.43 45 39 79 509 134980 1 7655786 120019 1.5 48 31 19 36 88% 13577 2593 1000 91%
c - 288.74 46 40 79 510 134986 1 7667948 108143 1.5 48 32 19 36 88% 13577 2593 1000 91%
c - 289.49 44 41 79 511 134996 1 7690531 101682 1.5 49 32 19 36 89% 13577 2593 1000 91%
c - 290.49 45 41 79 512 135008 1 7713137 97048 1.5 49 33 19 36 89% 13577 2593 1000 91%
c - 291.58 45 41 79 513 135010 1 7735764 99411 1.5 49 33 19 36 89% 13577 2593 1000 91%
c - 292.80 44 41 79 514 135024 1 7758414 100022 1.5 49 34 19 36 89% 13577 2593 1000 91%
c ] 293.83 43 40 80 514 135031 1 7778469 118105 1.4 49 34 19 36 89% 13577 2593 1000 91%
c
c  seconds    switched       rate            size/glue  tier1      binary        remaining
c          MB   reductions      conflicts          size    tier2      irredundant
c           level      restarts        redundant      glue     trail        variables
c
c { 293.83 43 41 80 514 135031 2 7778469 118105 1.5 43 28 18 31 88% 13577 2593 1000 91%
c o 293.84 44 41 80 514 135043 2 7778548 118177 1.5 43 28 18 31 88% 13577 2593 1000 91%
c - 293.93 44 41 80 515 135122 2 7781086 100301 1.5 43 28 18 31 88% 13577 2593 1000 91%
c - 294.45 46 41 80 516 135411 2 7803780 104571 1.6 43 28 18 31 88% 13577 2593 1000 91%
c - 294.96 46 41 80 517 135672 2 7826496 104287 1.5 43 28 18 31 88% 13577 2593 1000 91%
c - 295.49 46 41 80 518 136038 2 7849236 104252 1.5 42 28 18 31 88% 13577 2593 1000 91%
c - 296.00 45 40 80 519 136265 2 7871995 103946 1.5 42 28 18 31 88% 13577 2593 1000 91%
c - 296.54 45 40 80 520 136437 2 7894776 104335 1.5 42 28 18 31 88% 13577 2593 1000 91%
c u 297.11 47 40 80 520 136481 2 7906399 114027 1.5 42 28 18 31 88% 13577 2593 1000 91%
c v 297.44 52 40 80 520 136481 2 7906399 110422 1.5 42 28 18 31 88% 13577 2593 1000 91%
c w 297.56 52 40 80 520 136481 2 7906399 109547 1.5 42 28 18 31 88% 13577 2593 1000 91%
c - 297.82 44 39 80 521 136552 2 7917580 100514 1.5 42 28 18 31 88% 13577 2593 1000 91%
c - 298.33 46 39 80 522 136812 2 7940407 104387 1.5 42 28 18 31 88% 13577 2593 1000 91%
c - 298.85 46 39 80 523 137208 2 7963254 108259 1.5 42 28 18 31 88% 13577 2593 1000 91%
c - 299.40 46 39 80 524 137481 2 7986123 109882 1.5 41 28 18 31 88% 13577 2593 1000 91%
c - 300.00 46 39 80 525 137663 2 8009014 111069 1.5 41 28 18 31 87% 13577 2593 1000 91%
c - 300.57 46 39 80 526 138075 2 8031927 112117 1.5 41 28 19 31 87% 13577 2593 1000 91%
c - 301.11 46 39 80 527 138280 2 8054861 112530 1.5 41 28 19 31 87% 13577 2593 1000 91%
c - 301.64 45 39 80 528 138544 2 8077817 113543 1.5 42 28 19 31 87% 13577 2593 1000 91%
c - 302.24 47 39 80 529 138676 2 8100797 114542 1.5 42 28 19 31 88% 13577 2593 1000 91%
c
c  seconds    switched       rate            size/glue  tier1      binary        remaining
c          MB   reductions      conflicts          size    tier2      irredundant
c           level      restarts        redundant      glue     trail        variables
c
c } 302.35 45 39 81 529 138776 2 8104912 118422 1.5 42 28 19 31 87% 13577 2593 1000 91%
c [ 302.35 45 40 81 529 138776 1 8104912 118422 1.4 49 34 19 36 89% 13577 2593 1000 91%
c W 303.07 38 40 81 529 138776 1 8104912 118422 1.4 49 34 19 36 89% 13577 2593 1000 91%
c ] 303.14 38 41 81 529 138778 1 8108082 121363 1.4 49 34 19 36 89% 13577 2593 1000 91%
c 1 303.14 38 39 81 529 138778 2 8108082 121363 1.5 42 28 19 31 87% 13577 2593 1000 91%
c
c ---- [ result ] ------------------------------------------------------------
c
s SATISFIABLE
v -1 -2 -3 -4 5 -6 -7 -8 -9 -10 -11 -12 13 -14 -15 -16 -17 -18 -19 -20 -21 -22
v -23 -24 -25 -26 -27 -28 -29 -30 -31 -32 33 -34 -35 -36 -37 -38 -39 40 -41
v -42 -43 -44 -45 -46 47 -48 -49 -50 -51 -52 -53 -54 -55 56 -57 -58 -59 -60
v -61 -62 -63 -64 -65 -66 -67 -68 -69 -70 -71 72 -73 -74 -75 -76 -77 -78 -79
v -80 -81 -82 -83 -84 -85 86 -87 -88 -89 -90 -91 -92 -93 -94 -95 -96 -97 98
v -99 -100 -101 -102 103 -104 -105 -106 -107 -108 -109 -110 -111 -112 -113
v -114 -115 -116 117 -118 -119 -120 -121 -122 -123 -124 -125 -126 -127 -128
v -129 130 -131 -132 -133 -134 -135 -136 -137 -138 -139 -140 -141 142 -143
v -144 -145 -146 -147 148 -149 -150 -151 -152 -153 -154 -155 156 -157 -158
v -159 -160 -161 -162 -163 -164 -165 -166 -167 -168 -169 -170 -171 -172 173
v -174 -175 -176 -177 -178 -179 180 -181 -182 -183 -184 -185 -186 -187 -188
v -189 190 -191 -192 -193 -194 -195 -196 -197 -198 -199 -200 -201 -202 -203
v 204 -205 -206 -207 -208 -209 210 -211 -212 -213 -214 -215 -216 -217 -218
v -219 -220 -221 -222 -223 -224 -225 -226 -227 -228 -229 230 -231 -232 -233
v -234 235 -236 -237 -238 -239 -240 -241 -242 -243 -244 -245 -246 -247 -248
v 249 -250 -251 -252 -253 -254 -255 -256 -257 -258 259 -260 -261 -262 -263
v -264 265 -266 -267 -268 -269 -270 -271 -272 -273 -274 -275 -276 -277 278
v -279 -280 -281 -282 -283 -284 -285 -286 -287 -288 -289 -290 291 -292 -293
v -294 -295 -296 -297 -298 -299 -300 -301 -302 -303 -304 -305 -306 -307 308
v -309 310 -311 -312 -313 -314 -315 -316 -317 -318 -319 -320 -321 -322 -323
v -324 -325 -326 327 -328 -329 -330 -331 -332 -333 -334 -335 336 -337 -338
v -339 -340 -341 -342 -343 -344 -345 -346 -347 -348 349 -350 -351 -352 -353
v -354 -355 -356 -357 -358 -359 -360 361 -362 -363 -364 -365 -366 367 -368
v -369 -370 -371 -372 -373 -374 -375 -376 -377 -378 -379 -380 -381 -382 -383
v -384 385 -386 387 -388 -389 -390 -391 -392 -393 -394 -395 -396 -397 -398
v -399 -400 -401 -402 -403 -404 -405 406 -407 -408 -409 -410 -411 -412 -413
v 414 -415 -416 -417 -418 -419 -420 421 -422 -423 -424 -425 -426 -427 -428
v -429 -430 -431 -432 -433 434 -435 -436 -437 -438 -439 -440 -441 -442 -443
v -444 -445 -446 -447 -448 -449 -450 451 -452 -453 -454 -455 -456 -457 -458
v -459 -460 461 -462 -463 -464 465 -466 -467 -468 -469 -470 -471 -472 -473 474
v -475 -476 -477 -478 -479 -480 -481 -482 -483 -484 -485 -486 -487 -488 -489
v 490 -491 -492 -493 -494 -495 -496 -497 -498 -499 -500 -501 -502 -503 504
v -505 -506 -507 -508 -509 -510 -511 -512 -513 514 -515 -516 -517 -518 -519
v -520 -521 522 -523 -524 -525 -526 -527 -528 -529 -530 -531 532 -533 -534
v -535 -536 -537 -538 -539 -540 541 -542 -543 -544 -545 -546 -547 -548 -549
v -550 -551 -552 553 -554 -555 -556 -557 -558 -559 -560 -561 -562 -563 -564
v -565 566 -567 -568 -569 -570 -571 -572 -573 574 -575 -576 -577 -578 -579
v -580 -581 -582 -583 -584 -585 -586 -587 -588 -589 -590 -591 592 -593 -594
v -595 -596 -597 -598 -599 -600 -601 602 -603 -604 -605 -606 -607 -608 -609
v -610 -611 -612 -613 -614 -615 616 -617 -618 -619 -620 -621 -622 623 -624
v -625 -626 -627 -628 -629 -630 -631 -632 -633 -634 -635 -636 637 -638 639
v -640 -641 -642 -643 -644 -645 -646 -647 -648 -649 -650 -651 -652 -653 -654
v 655 -656 -657 -658 -659 -660 -661 -662 -663 -664 -665 -666 -667 -668 669
v -670 -671 -672 -673 -674 -675 -676 677 -678 -679 -680 -681 -682 -683 -684
v -685 -686 -687 -688 -689 690 -691 -692 -693 -694 -695 696 -697 -698 -699
v -700 -701 -702 -703 -704 -705 -706 -707 -708 709 -710 -711 -712 -713 -714
v -715 -716 -717 -718 -719 -720 -721 -722 -723 -724 725 -726 727 -728 -729
v -730 -731 -732 -733 -734 -735 -736 -737 -738 -739 -740 741 -742 -743 -744
v -745 -746 -747 -748 -749 -750 -751 -752 -753 -754 755 -756 -757 -758 -759
v -760 -761 -762 -763 -764 -765 -766 -767 -768 -769 770 -771 -772 -773 -774
v -775 -776 -777 778 -779 -780 -781 -782 -783 -784 -785 -786 -787 -788 -789
v -790 -791 792 793 -794 -795 -796 -797 -798 -799 -800 -801 -802 -803 -804
v -805 -806 -807 -808 -809 -810 -811 -812 813 -814 -815 -816 -817 818 -819
v -820 -821 -822 -823 -824 -825 -826 -827 -828 -829 -830 831 -832 -833 -834
v -835 -836 -837 -838 839 -840 -841 -842 -843 -844 -845 -846 -847 -848 849
v -850 -851 -852 -853 -854 -855 -856 -857 -858 -859 -860 -861 -862 863 -864
v -865 -866 -867 -868 -869 -870 -871 -872 -873 -874 -875 -876 -877 878 -879
v -880 881 -882 -883 -884 -885 -886 -887 -888 -889 -890 -891 -892 -893 -894
v -895 -896 -897 898 -899 -900 -901 -902 -903 -904 -905 906 -907 -908 -909
v -910 -911 -912 -913 -914 915 -916 -917 -918 -919 -920 -921 -922 -923 -924
v -925 -926 -927 -928 -929 -930 -931 -932 933 -934 -935 -936 -937 -938 -939
v 940 -941 -942 -943 -944 -945 -946 -947 -948 -949 -950 -951 -952 -953 -954
v -955 -956 957 -958 -959 -960 -961 -962 963 -964 -965 -966 -967 -968 -969
v -970 -971 -972 -973 -974 -975 976 -977 -978 -979 -980 -981 982 -983 -984
v -985 -986 -987 -988 -989 -990 -991 992 -993 -994 -995 -996 -997 -998 -999
v -1000 -1001 -1002 -1003 1004 -1005 -1006 -1007 -1008 -1009 -1010 -1011 -1012
v -1013 -1014 -1015 -1016 -1017 1018 -1019 -1020 -1021 -1022 -1023 -1024 -1025
v -1026 -1027 -1028 -1029 -1030 1031 -1032 -1033 -1034 -1035 -1036 -1037 -1038
v -1039 -1040 1041 -1042 -1043 -1044 -1045 -1046 -1047 -1048 1049 -1050 -1051
v -1052 -1053 -1054 -1055 -1056 -1057 -1058 -1059 -1060 -1061 -1062 -1063
v -1064 1065 -1066 -1067 1068 -1069 -1070 -1071 -1072 -1073 -1074 -1075 -1076
v -1077 -1078 -1079 -1080 -1081 -1082 -1083 -1084 -1085 -1086 -1087 -1088 1089
v -1090 -1091 -1092 -1093 -1094 -1095 -1096 -1097 -1098 1099 -1100 0
c
c ---- [ profiling ] ---------------------------------------------------------
c
c         274.79   90.65 %  search
c         150.16   49.54 %  focused
c         124.63   41.11 %  stable
c          28.30    9.33 %  simplify
c          24.86    8.20 %  probe
c          20.73    6.84 %  vivify
c           6.35    2.09 %  reduce
c           3.40    1.12 %  walking
c           3.15    1.04 %  sweep
c           0.76    0.25 %  substitute
c           0.13    0.04 %  transitive
c           0.07    0.02 %  eliminate
c           0.04    0.01 %  preprocess
c           0.04    0.01 %  factor
c           0.03    0.01 %  backbone
c           0.02    0.01 %  congruence
c           0.01    0.00 %  fastel
c           0.01    0.00 %  subsume
c           0.00    0.00 %  parse
c           0.00    0.00 %  lucky
c           0.00    0.00 %  extend
c =============================================
c         303.14  100.00 %  total
c
c ---- [ statistics ] --------------------------------------------------------
c
c chronological:                          321                0 %  conflicts
c conflicts:                          8108082            26746.98 per second
c decisions:                         32869895                4.05 per conflict
c eliminated:                            1998              182 %  variables
c factored:                              1898              173 %  variables
c fast_eliminated:                        743               37 %  eliminated
c propagations:                     847778023          2796654    per second
c reductions:                             529            15327    interval
c reordered:                               37           219137    interval
c rephased:                                50           162162    interval
c restarts:                            138778               58    interval
c switched:                                81           100100    interval
c vivified:                            299618               72 %  checks
c walks:                                   17           476946    interval
c
c ---- [ glue usage ] --------------------------------------------------------
c
c focused glue 19    used  623478 clauses  3.88% accumulated 53.84% tier1
c focused glue 20    used  565659 clauses  3.52% accumulated 57.36%
c focused glue 21-29 used 4395458 clauses 27.34% accumulated 84.70%
c focused glue 30    used  494442 clauses  3.08% accumulated 87.77%
c focused glue 31    used  428409 clauses  2.66% accumulated 90.44% tier2
c
c stable glue 19    used  771986 clauses  3.85% accumulated 53.49% tier1
c stable glue 20    used  746848 clauses  3.72% accumulated 57.21%
c stable glue 21-34 used 6240322 clauses 31.10% accumulated 88.31%
c stable glue 35    used  308236 clauses  1.54% accumulated 89.84%
c stable glue 36    used  277969 clauses  1.39% accumulated 91.23% tier2
c
c ---- [ resources ] ---------------------------------------------------------
c
c maximum-resident-set-size:         66039808 bytes         63 MB
c process-time:                          5m 3s             303.14 seconds
c
c ---- [ shutting down ] -----------------------------------------------------
c
c exit 10
-- Tempo de CPU total = 302.124534 --
