c 15-Coloring to SAT
p cnf 2070 f14928
1 2 3 4 5 6 7 8 9 10 11 12 13 14 15  0
16 17 18 19 20 21 22 23 24 25 26 27 28 29 30  0
31 32 33 34 35 36 37 38 39 40 41 42 43 44 45  0
46 47 48 49 50 51 52 53 54 55 56 57 58 59 60  0
61 62 63 64 65 66 67 68 69 70 71 72 73 74 75  0
76 77 78 79 80 81 82 83 84 85 86 87 88 89 90  0
91 92 93 94 95 96 97 98 99 100 101 102 103 104 105  0
106 107 108 109 110 111 112 113 114 115 116 117 118 119 120  0
121 122 123 124 125 126 127 128 129 130 131 132 133 134 135  0
136 137 138 139 140 141 142 143 144 145 146 147 148 149 150  0
151 152 153 154 155 156 157 158 159 160 161 162 163 164 165  0
166 167 168 169 170 171 172 173 174 175 176 177 178 179 180  0
181 182 183 184 185 186 187 188 189 190 191 192 193 194 195  0
196 197 198 199 200 201 202 203 204 205 206 207 208 209 210  0
211 212 213 214 215 216 217 218 219 220 221 222 223 224 225  0
226 227 228 229 230 231 232 233 234 235 236 237 238 239 240  0
241 242 243 244 245 246 247 248 249 250 251 252 253 254 255  0
256 257 258 259 260 261 262 263 264 265 266 267 268 269 270  0
271 272 273 274 275 276 277 278 279 280 281 282 283 284 285  0
286 287 288 289 290 291 292 293 294 295 296 297 298 299 300  0
301 302 303 304 305 306 307 308 309 310 311 312 313 314 315  0
316 317 318 319 320 321 322 323 324 325 326 327 328 329 330  0
331 332 333 334 335 336 337 338 339 340 341 342 343 344 345  0
346 347 348 349 350 351 352 353 354 355 356 357 358 359 360  0
361 362 363 364 365 366 367 368 369 370 371 372 373 374 375  0
376 377 378 379 380 381 382 383 384 385 386 387 388 389 390  0
391 392 393 394 395 396 397 398 399 400 401 402 403 404 405  0
406 407 408 409 410 411 412 413 414 415 416 417 418 419 420  0
421 422 423 424 425 426 427 428 429 430 431 432 433 434 435  0
436 437 438 439 440 441 442 443 444 445 446 447 448 449 450  0
451 452 453 454 455 456 457 458 459 460 461 462 463 464 465  0
466 467 468 469 470 471 472 473 474 475 476 477 478 479 480  0
481 482 483 484 485 486 487 488 489 490 491 492 493 494 495  0
496 497 498 499 500 501 502 503 504 505 506 507 508 509 510  0
511 512 513 514 515 516 517 518 519 520 521 522 523 524 525  0
526 527 528 529 530 531 532 533 534 535 536 537 538 539 540  0
541 542 543 544 545 546 547 548 549 550 551 552 553 554 555  0
556 557 558 559 560 561 562 563 564 565 566 567 568 569 570  0
571 572 573 574 575 576 577 578 579 580 581 582 583 584 585  0
586 587 588 589 590 591 592 593 594 595 596 597 598 599 600  0
601 602 603 604 605 606 607 608 609 610 611 612 613 614 615  0
616 617 618 619 620 621 622 623 624 625 626 627 628 629 630  0
631 632 633 634 635 636 637 638 639 640 641 642 643 644 645  0
646 647 648 649 650 651 652 653 654 655 656 657 658 659 660  0
661 662 663 664 665 666 667 668 669 670 671 672 673 674 675  0
676 677 678 679 680 681 682 683 684 685 686 687 688 689 690  0
691 692 693 694 695 696 697 698 699 700 701 702 703 704 705  0
706 707 708 709 710 711 712 713 714 715 716 717 718 719 720  0
721 722 723 724 725 726 727 728 729 730 731 732 733 734 735  0
736 737 738 739 740 741 742 743 744 745 746 747 748 749 750  0
751 752 753 754 755 756 757 758 759 760 761 762 763 764 765  0
766 767 768 769 770 771 772 773 774 775 776 777 778 779 780  0
781 782 783 784 785 786 787 788 789 790 791 792 793 794 795  0
796 797 798 799 800 801 802 803 804 805 806 807 808 809 810  0
811 812 813 814 815 816 817 818 819 820 821 822 823 824 825  0
826 827 828 829 830 831 832 833 834 835 836 837 838 839 840  0
841 842 843 844 845 846 847 848 849 850 851 852 853 854 855  0
856 857 858 859 860 861 862 863 864 865 866 867 868 869 870  0
871 872 873 874 875 876 877 878 879 880 881 882 883 884 885  0
886 887 888 889 890 891 892 893 894 895 896 897 898 899 900  0
901 902 903 904 905 906 907 908 909 910 911 912 913 914 915  0
916 917 918 919 920 921 922 923 924 925 926 927 928 929 930  0
931 932 933 934 935 936 937 938 939 940 941 942 943 944 945  0
946 947 948 949 950 951 952 953 954 955 956 957 958 959 960  0
961 962 963 964 965 966 967 968 969 970 971 972 973 974 975  0
976 977 978 979 980 981 982 983 984 985 986 987 988 989 990  0
991 992 993 994 995 996 997 998 999 1000 1001 1002 1003 1004 1005  0
1006 1007 1008 1009 1010 1011 1012 1013 1014 1015 1016 1017 1018 1019 1020  0
1021 1022 1023 1024 1025 1026 1027 1028 1029 1030 1031 1032 1033 1034 1035  0
1036 1037 1038 1039 1040 1041 1042 1043 1044 1045 1046 1047 1048 1049 1050  0
1051 1052 1053 1054 1055 1056 1057 1058 1059 1060 1061 1062 1063 1064 1065  0
1066 1067 1068 1069 1070 1071 1072 1073 1074 1075 1076 1077 1078 1079 1080  0
1081 1082 1083 1084 1085 1086 1087 1088 1089 1090 1091 1092 1093 1094 1095  0
1096 1097 1098 1099 1100 1101 1102 1103 1104 1105 1106 1107 1108 1109 1110  0
1111 1112 1113 1114 1115 1116 1117 1118 1119 1120 1121 1122 1123 1124 1125  0
1126 1127 1128 1129 1130 1131 1132 1133 1134 1135 1136 1137 1138 1139 1140  0
1141 1142 1143 1144 1145 1146 1147 1148 1149 1150 1151 1152 1153 1154 1155  0
1156 1157 1158 1159 1160 1161 1162 1163 1164 1165 1166 1167 1168 1169 1170  0
1171 1172 1173 1174 1175 1176 1177 1178 1179 1180 1181 1182 1183 1184 1185  0
1186 1187 1188 1189 1190 1191 1192 1193 1194 1195 1196 1197 1198 1199 1200  0
1201 1202 1203 1204 1205 1206 1207 1208 1209 1210 1211 1212 1213 1214 1215  0
1216 1217 1218 1219 1220 1221 1222 1223 1224 1225 1226 1227 1228 1229 1230  0
1231 1232 1233 1234 1235 1236 1237 1238 1239 1240 1241 1242 1243 1244 1245  0
1246 1247 1248 1249 1250 1251 1252 1253 1254 1255 1256 1257 1258 1259 1260  0
1261 1262 1263 1264 1265 1266 1267 1268 1269 1270 1271 1272 1273 1274 1275  0
1276 1277 1278 1279 1280 1281 1282 1283 1284 1285 1286 1287 1288 1289 1290  0
1291 1292 1293 1294 1295 1296 1297 1298 1299 1300 1301 1302 1303 1304 1305  0
1306 1307 1308 1309 1310 1311 1312 1313 1314 1315 1316 1317 1318 1319 1320  0
1321 1322 1323 1324 1325 1326 1327 1328 1329 1330 1331 1332 1333 1334 1335  0
1336 1337 1338 1339 1340 1341 1342 1343 1344 1345 1346 1347 1348 1349 1350  0
1351 1352 1353 1354 1355 1356 1357 1358 1359 1360 1361 1362 1363 1364 1365  0
1366 1367 1368 1369 1370 1371 1372 1373 1374 1375 1376 1377 1378 1379 1380  0
1381 1382 1383 1384 1385 1386 1387 1388 1389 1390 1391 1392 1393 1394 1395  0
1396 1397 1398 1399 1400 1401 1402 1403 1404 1405 1406 1407 1408 1409 1410  0
1411 1412 1413 1414 1415 1416 1417 1418 1419 1420 1421 1422 1423 1424 1425  0
1426 1427 1428 1429 1430 1431 1432 1433 1434 1435 1436 1437 1438 1439 1440  0
1441 1442 1443 1444 1445 1446 1447 1448 1449 1450 1451 1452 1453 1454 1455  0
1456 1457 1458 1459 1460 1461 1462 1463 1464 1465 1466 1467 1468 1469 1470  0
1471 1472 1473 1474 1475 1476 1477 1478 1479 1480 1481 1482 1483 1484 1485  0
1486 1487 1488 1489 1490 1491 1492 1493 1494 1495 1496 1497 1498 1499 1500  0
1501 1502 1503 1504 1505 1506 1507 1508 1509 1510 1511 1512 1513 1514 1515  0
1516 1517 1518 1519 1520 1521 1522 1523 1524 1525 1526 1527 1528 1529 1530  0
1531 1532 1533 1534 1535 1536 1537 1538 1539 1540 1541 1542 1543 1544 1545  0
1546 1547 1548 1549 1550 1551 1552 1553 1554 1555 1556 1557 1558 1559 1560  0
1561 1562 1563 1564 1565 1566 1567 1568 1569 1570 1571 1572 1573 1574 1575  0
1576 1577 1578 1579 1580 1581 1582 1583 1584 1585 1586 1587 1588 1589 1590  0
1591 1592 1593 1594 1595 1596 1597 1598 1599 1600 1601 1602 1603 1604 1605  0
1606 1607 1608 1609 1610 1611 1612 1613 1614 1615 1616 1617 1618 1619 1620  0
1621 1622 1623 1624 1625 1626 1627 1628 1629 1630 1631 1632 1633 1634 1635  0
1636 1637 1638 1639 1640 1641 1642 1643 1644 1645 1646 1647 1648 1649 1650  0
1651 1652 1653 1654 1655 1656 1657 1658 1659 1660 1661 1662 1663 1664 1665  0
1666 1667 1668 1669 1670 1671 1672 1673 1674 1675 1676 1677 1678 1679 1680  0
1681 1682 1683 1684 1685 1686 1687 1688 1689 1690 1691 1692 1693 1694 1695  0
1696 1697 1698 1699 1700 1701 1702 1703 1704 1705 1706 1707 1708 1709 1710  0
1711 1712 1713 1714 1715 1716 1717 1718 1719 1720 1721 1722 1723 1724 1725  0
1726 1727 1728 1729 1730 1731 1732 1733 1734 1735 1736 1737 1738 1739 1740  0
1741 1742 1743 1744 1745 1746 1747 1748 1749 1750 1751 1752 1753 1754 1755  0
1756 1757 1758 1759 1760 1761 1762 1763 1764 1765 1766 1767 1768 1769 1770  0
1771 1772 1773 1774 1775 1776 1777 1778 1779 1780 1781 1782 1783 1784 1785  0
1786 1787 1788 1789 1790 1791 1792 1793 1794 1795 1796 1797 1798 1799 1800  0
1801 1802 1803 1804 1805 1806 1807 1808 1809 1810 1811 1812 1813 1814 1815  0
1816 1817 1818 1819 1820 1821 1822 1823 1824 1825 1826 1827 1828 1829 1830  0
1831 1832 1833 1834 1835 1836 1837 1838 1839 1840 1841 1842 1843 1844 1845  0
1846 1847 1848 1849 1850 1851 1852 1853 1854 1855 1856 1857 1858 1859 1860  0
1861 1862 1863 1864 1865 1866 1867 1868 1869 1870 1871 1872 1873 1874 1875  0
1876 1877 1878 1879 1880 1881 1882 1883 1884 1885 1886 1887 1888 1889 1890  0
1891 1892 1893 1894 1895 1896 1897 1898 1899 1900 1901 1902 1903 1904 1905  0
1906 1907 1908 1909 1910 1911 1912 1913 1914 1915 1916 1917 1918 1919 1920  0
1921 1922 1923 1924 1925 1926 1927 1928 1929 1930 1931 1932 1933 1934 1935  0
1936 1937 1938 1939 1940 1941 1942 1943 1944 1945 1946 1947 1948 1949 1950  0
1951 1952 1953 1954 1955 1956 1957 1958 1959 1960 1961 1962 1963 1964 1965  0
1966 1967 1968 1969 1970 1971 1972 1973 1974 1975 1976 1977 1978 1979 1980  0
1981 1982 1983 1984 1985 1986 1987 1988 1989 1990 1991 1992 1993 1994 1995  0
1996 1997 1998 1999 2000 2001 2002 2003 2004 2005 2006 2007 2008 2009 2010  0
2011 2012 2013 2014 2015 2016 2017 2018 2019 2020 2021 2022 2023 2024 2025  0
2026 2027 2028 2029 2030 2031 2032 2033 2034 2035 2036 2037 2038 2039 2040  0
2041 2042 2043 2044 2045 2046 2047 2048 2049 2050 2051 2052 2053 2054 2055  0
2056 2057 2058 2059 2060 2061 2062 2063 2064 2065 2066 2067 2068 2069 2070  0
-256 -46 0
-257 -47 0
-258 -48 0
-259 -49 0
-260 -50 0
-261 -51 0
-262 -52 0
-263 -53 0
-264 -54 0
-265 -55 0
-266 -56 0
-267 -57 0
-268 -58 0
-269 -59 0
-270 -60 0
-256 -76 0
-257 -77 0
-258 -78 0
-259 -79 0
-260 -80 0
-261 -81 0
-262 -82 0
-263 -83 0
-264 -84 0
-265 -85 0
-266 -86 0
-267 -87 0
-268 -88 0
-269 -89 0
-270 -90 0
-256 -91 0
-257 -92 0
-258 -93 0
-259 -94 0
-260 -95 0
-261 -96 0
-262 -97 0
-263 -98 0
-264 -99 0
-265 -100 0
-266 -101 0
-267 -102 0
-268 -103 0
-269 -104 0
-270 -105 0
-256 -106 0
-257 -107 0
-258 -108 0
-259 -109 0
-260 -110 0
-261 -111 0
-262 -112 0
-263 -113 0
-264 -114 0
-265 -115 0
-266 -116 0
-267 -117 0
-268 -118 0
-269 -119 0
-270 -120 0
-256 -121 0
-257 -122 0
-258 -123 0
-259 -124 0
-260 -125 0
-261 -126 0
-262 -127 0
-263 -128 0
-264 -129 0
-265 -130 0
-266 -131 0
-267 -132 0
-268 -133 0
-269 -134 0
-270 -135 0
-256 -151 0
-257 -152 0
-258 -153 0
-259 -154 0
-260 -155 0
-261 -156 0
-262 -157 0
-263 -158 0
-264 -159 0
-265 -160 0
-266 -161 0
-267 -162 0
-268 -163 0
-269 -164 0
-270 -165 0
-256 -181 0
-257 -182 0
-258 -183 0
-259 -184 0
-260 -185 0
-261 -186 0
-262 -187 0
-263 -188 0
-264 -189 0
-265 -190 0
-266 -191 0
-267 -192 0
-268 -193 0
-269 -194 0
-270 -195 0
-256 -211 0
-257 -212 0
-258 -213 0
-259 -214 0
-260 -215 0
-261 -216 0
-262 -217 0
-263 -218 0
-264 -219 0
-265 -220 0
-266 -221 0
-267 -222 0
-268 -223 0
-269 -224 0
-270 -225 0
-256 -226 0
-257 -227 0
-258 -228 0
-259 -229 0
-260 -230 0
-261 -231 0
-262 -232 0
-263 -233 0
-264 -234 0
-265 -235 0
-266 -236 0
-267 -237 0
-268 -238 0
-269 -239 0
-270 -240 0
-271 -256 0
-272 -257 0
-273 -258 0
-274 -259 0
-275 -260 0
-276 -261 0
-277 -262 0
-278 -263 0
-279 -264 0
-280 -265 0
-281 -266 0
-282 -267 0
-283 -268 0
-284 -269 0
-285 -270 0
-286 -226 0
-287 -227 0
-288 -228 0
-289 -229 0
-290 -230 0
-291 -231 0
-292 -232 0
-293 -233 0
-294 -234 0
-295 -235 0
-296 -236 0
-297 -237 0
-298 -238 0
-299 -239 0
-300 -240 0
-286 -241 0
-287 -242 0
-288 -243 0
-289 -244 0
-290 -245 0
-291 -246 0
-292 -247 0
-293 -248 0
-294 -249 0
-295 -250 0
-296 -251 0
-297 -252 0
-298 -253 0
-299 -254 0
-300 -255 0
-286 -256 0
-287 -257 0
-288 -258 0
-289 -259 0
-290 -260 0
-291 -261 0
-292 -262 0
-293 -263 0
-294 -264 0
-295 -265 0
-296 -266 0
-297 -267 0
-298 -268 0
-299 -269 0
-300 -270 0
-301 -76 0
-302 -77 0
-303 -78 0
-304 -79 0
-305 -80 0
-306 -81 0
-307 -82 0
-308 -83 0
-309 -84 0
-310 -85 0
-311 -86 0
-312 -87 0
-313 -88 0
-314 -89 0
-315 -90 0
-301 -256 0
-302 -257 0
-303 -258 0
-304 -259 0
-305 -260 0
-306 -261 0
-307 -262 0
-308 -263 0
-309 -264 0
-310 -265 0
-311 -266 0
-312 -267 0
-313 -268 0
-314 -269 0
-315 -270 0
-301 -286 0
-302 -287 0
-303 -288 0
-304 -289 0
-305 -290 0
-306 -291 0
-307 -292 0
-308 -293 0
-309 -294 0
-310 -295 0
-311 -296 0
-312 -297 0
-313 -298 0
-314 -299 0
-315 -300 0
-331 -256 0
-332 -257 0
-333 -258 0
-334 -259 0
-335 -260 0
-336 -261 0
-337 -262 0
-338 -263 0
-339 -264 0
-340 -265 0
-341 -266 0
-342 -267 0
-343 -268 0
-344 -269 0
-345 -270 0
-376 -256 0
-377 -257 0
-378 -258 0
-379 -259 0
-380 -260 0
-381 -261 0
-382 -262 0
-383 -263 0
-384 -264 0
-385 -265 0
-386 -266 0
-387 -267 0
-388 -268 0
-389 -269 0
-390 -270 0
-406 -256 0
-407 -257 0
-408 -258 0
-409 -259 0
-410 -260 0
-411 -261 0
-412 -262 0
-413 -263 0
-414 -264 0
-415 -265 0
-416 -266 0
-417 -267 0
-418 -268 0
-419 -269 0
-420 -270 0
-421 -256 0
-422 -257 0
-423 -258 0
-424 -259 0
-425 -260 0
-426 -261 0
-427 -262 0
-428 -263 0
-429 -264 0
-430 -265 0
-431 -266 0
-432 -267 0
-433 -268 0
-434 -269 0
-435 -270 0
-421 -286 0
-422 -287 0
-423 -288 0
-424 -289 0
-425 -290 0
-426 -291 0
-427 -292 0
-428 -293 0
-429 -294 0
-430 -295 0
-431 -296 0
-432 -297 0
-433 -298 0
-434 -299 0
-435 -300 0
-436 -286 0
-437 -287 0
-438 -288 0
-439 -289 0
-440 -290 0
-441 -291 0
-442 -292 0
-443 -293 0
-444 -294 0
-445 -295 0
-446 -296 0
-447 -297 0
-448 -298 0
-449 -299 0
-450 -300 0
-436 -391 0
-437 -392 0
-438 -393 0
-439 -394 0
-440 -395 0
-441 -396 0
-442 -397 0
-443 -398 0
-444 -399 0
-445 -400 0
-446 -401 0
-447 -402 0
-448 -403 0
-449 -404 0
-450 -405 0
-436 -421 0
-437 -422 0
-438 -423 0
-439 -424 0
-440 -425 0
-441 -426 0
-442 -427 0
-443 -428 0
-444 -429 0
-445 -430 0
-446 -431 0
-447 -432 0
-448 -433 0
-449 -434 0
-450 -435 0
-451 -256 0
-452 -257 0
-453 -258 0
-454 -259 0
-455 -260 0
-456 -261 0
-457 -262 0
-458 -263 0
-459 -264 0
-460 -265 0
-461 -266 0
-462 -267 0
-463 -268 0
-464 -269 0
-465 -270 0
-481 -226 0
-482 -227 0
-483 -228 0
-484 -229 0
-485 -230 0
-486 -231 0
-487 -232 0
-488 -233 0
-489 -234 0
-490 -235 0
-491 -236 0
-492 -237 0
-493 -238 0
-494 -239 0
-495 -240 0
-481 -256 0
-482 -257 0
-483 -258 0
-484 -259 0
-485 -260 0
-486 -261 0
-487 -262 0
-488 -263 0
-489 -264 0
-490 -265 0
-491 -266 0
-492 -267 0
-493 -268 0
-494 -269 0
-495 -270 0
-481 -286 0
-482 -287 0
-483 -288 0
-484 -289 0
-485 -290 0
-486 -291 0
-487 -292 0
-488 -293 0
-489 -294 0
-490 -295 0
-491 -296 0
-492 -297 0
-493 -298 0
-494 -299 0
-495 -300 0
-511 -256 0
-512 -257 0
-513 -258 0
-514 -259 0
-515 -260 0
-516 -261 0
-517 -262 0
-518 -263 0
-519 -264 0
-520 -265 0
-521 -266 0
-522 -267 0
-523 -268 0
-524 -269 0
-525 -270 0
-526 -1 0
-527 -2 0
-528 -3 0
-529 -4 0
-530 -5 0
-531 -6 0
-532 -7 0
-533 -8 0
-534 -9 0
-535 -10 0
-536 -11 0
-537 -12 0
-538 -13 0
-539 -14 0
-540 -15 0
-526 -61 0
-527 -62 0
-528 -63 0
-529 -64 0
-530 -65 0
-531 -66 0
-532 -67 0
-533 -68 0
-534 -69 0
-535 -70 0
-536 -71 0
-537 -72 0
-538 -73 0
-539 -74 0
-540 -75 0
-526 -76 0
-527 -77 0
-528 -78 0
-529 -79 0
-530 -80 0
-531 -81 0
-532 -82 0
-533 -83 0
-534 -84 0
-535 -85 0
-536 -86 0
-537 -87 0
-538 -88 0
-539 -89 0
-540 -90 0
-526 -91 0
-527 -92 0
-528 -93 0
-529 -94 0
-530 -95 0
-531 -96 0
-532 -97 0
-533 -98 0
-534 -99 0
-535 -100 0
-536 -101 0
-537 -102 0
-538 -103 0
-539 -104 0
-540 -105 0
-526 -151 0
-527 -152 0
-528 -153 0
-529 -154 0
-530 -155 0
-531 -156 0
-532 -157 0
-533 -158 0
-534 -159 0
-535 -160 0
-536 -161 0
-537 -162 0
-538 -163 0
-539 -164 0
-540 -165 0
-526 -181 0
-527 -182 0
-528 -183 0
-529 -184 0
-530 -185 0
-531 -186 0
-532 -187 0
-533 -188 0
-534 -189 0
-535 -190 0
-536 -191 0
-537 -192 0
-538 -193 0
-539 -194 0
-540 -195 0
-526 -226 0
-527 -227 0
-528 -228 0
-529 -229 0
-530 -230 0
-531 -231 0
-532 -232 0
-533 -233 0
-534 -234 0
-535 -235 0
-536 -236 0
-537 -237 0
-538 -238 0
-539 -239 0
-540 -240 0
-526 -256 0
-527 -257 0
-528 -258 0
-529 -259 0
-530 -260 0
-531 -261 0
-532 -262 0
-533 -263 0
-534 -264 0
-535 -265 0
-536 -266 0
-537 -267 0
-538 -268 0
-539 -269 0
-540 -270 0
-526 -286 0
-527 -287 0
-528 -288 0
-529 -289 0
-530 -290 0
-531 -291 0
-532 -292 0
-533 -293 0
-534 -294 0
-535 -295 0
-536 -296 0
-537 -297 0
-538 -298 0
-539 -299 0
-540 -300 0
-526 -301 0
-527 -302 0
-528 -303 0
-529 -304 0
-530 -305 0
-531 -306 0
-532 -307 0
-533 -308 0
-534 -309 0
-535 -310 0
-536 -311 0
-537 -312 0
-538 -313 0
-539 -314 0
-540 -315 0
-526 -376 0
-527 -377 0
-528 -378 0
-529 -379 0
-530 -380 0
-531 -381 0
-532 -382 0
-533 -383 0
-534 -384 0
-535 -385 0
-536 -386 0
-537 -387 0
-538 -388 0
-539 -389 0
-540 -390 0
-526 -406 0
-527 -407 0
-528 -408 0
-529 -409 0
-530 -410 0
-531 -411 0
-532 -412 0
-533 -413 0
-534 -414 0
-535 -415 0
-536 -416 0
-537 -417 0
-538 -418 0
-539 -419 0
-540 -420 0
-526 -481 0
-527 -482 0
-528 -483 0
-529 -484 0
-530 -485 0
-531 -486 0
-532 -487 0
-533 -488 0
-534 -489 0
-535 -490 0
-536 -491 0
-537 -492 0
-538 -493 0
-539 -494 0
-540 -495 0
-541 -526 0
-542 -527 0
-543 -528 0
-544 -529 0
-545 -530 0
-546 -531 0
-547 -532 0
-548 -533 0
-549 -534 0
-550 -535 0
-551 -536 0
-552 -537 0
-553 -538 0
-554 -539 0
-555 -540 0
-571 -256 0
-572 -257 0
-573 -258 0
-574 -259 0
-575 -260 0
-576 -261 0
-577 -262 0
-578 -263 0
-579 -264 0
-580 -265 0
-581 -266 0
-582 -267 0
-583 -268 0
-584 -269 0
-585 -270 0
-586 -256 0
-587 -257 0
-588 -258 0
-589 -259 0
-590 -260 0
-591 -261 0
-592 -262 0
-593 -263 0
-594 -264 0
-595 -265 0
-596 -266 0
-597 -267 0
-598 -268 0
-599 -269 0
-600 -270 0
-601 -256 0
-602 -257 0
-603 -258 0
-604 -259 0
-605 -260 0
-606 -261 0
-607 -262 0
-608 -263 0
-609 -264 0
-610 -265 0
-611 -266 0
-612 -267 0
-613 -268 0
-614 -269 0
-615 -270 0
-646 -256 0
-647 -257 0
-648 -258 0
-649 -259 0
-650 -260 0
-651 -261 0
-652 -262 0
-653 -263 0
-654 -264 0
-655 -265 0
-656 -266 0
-657 -267 0
-658 -268 0
-659 -269 0
-660 -270 0
-646 -301 0
-647 -302 0
-648 -303 0
-649 -304 0
-650 -305 0
-651 -306 0
-652 -307 0
-653 -308 0
-654 -309 0
-655 -310 0
-656 -311 0
-657 -312 0
-658 -313 0
-659 -314 0
-660 -315 0
-661 -16 0
-662 -17 0
-663 -18 0
-664 -19 0
-665 -20 0
-666 -21 0
-667 -22 0
-668 -23 0
-669 -24 0
-670 -25 0
-671 -26 0
-672 -27 0
-673 -28 0
-674 -29 0
-675 -30 0
-661 -76 0
-662 -77 0
-663 -78 0
-664 -79 0
-665 -80 0
-666 -81 0
-667 -82 0
-668 -83 0
-669 -84 0
-670 -85 0
-671 -86 0
-672 -87 0
-673 -88 0
-674 -89 0
-675 -90 0
-661 -256 0
-662 -257 0
-663 -258 0
-664 -259 0
-665 -260 0
-666 -261 0
-667 -262 0
-668 -263 0
-669 -264 0
-670 -265 0
-671 -266 0
-672 -267 0
-673 -268 0
-674 -269 0
-675 -270 0
-661 -526 0
-662 -527 0
-663 -528 0
-664 -529 0
-665 -530 0
-666 -531 0
-667 -532 0
-668 -533 0
-669 -534 0
-670 -535 0
-671 -536 0
-672 -537 0
-673 -538 0
-674 -539 0
-675 -540 0
-676 -256 0
-677 -257 0
-678 -258 0
-679 -259 0
-680 -260 0
-681 -261 0
-682 -262 0
-683 -263 0
-684 -264 0
-685 -265 0
-686 -266 0
-687 -267 0
-688 -268 0
-689 -269 0
-690 -270 0
-676 -286 0
-677 -287 0
-678 -288 0
-679 -289 0
-680 -290 0
-681 -291 0
-682 -292 0
-683 -293 0
-684 -294 0
-685 -295 0
-686 -296 0
-687 -297 0
-688 -298 0
-689 -299 0
-690 -300 0
-706 -526 0
-707 -527 0
-708 -528 0
-709 -529 0
-710 -530 0
-711 -531 0
-712 -532 0
-713 -533 0
-714 -534 0
-715 -535 0
-716 -536 0
-717 -537 0
-718 -538 0
-719 -539 0
-720 -540 0
-736 -256 0
-737 -257 0
-738 -258 0
-739 -259 0
-740 -260 0
-741 -261 0
-742 -262 0
-743 -263 0
-744 -264 0
-745 -265 0
-746 -266 0
-747 -267 0
-748 -268 0
-749 -269 0
-750 -270 0
-751 -256 0
-752 -257 0
-753 -258 0
-754 -259 0
-755 -260 0
-756 -261 0
-757 -262 0
-758 -263 0
-759 -264 0
-760 -265 0
-761 -266 0
-762 -267 0
-763 -268 0
-764 -269 0
-765 -270 0
-751 -526 0
-752 -527 0
-753 -528 0
-754 -529 0
-755 -530 0
-756 -531 0
-757 -532 0
-758 -533 0
-759 -534 0
-760 -535 0
-761 -536 0
-762 -537 0
-763 -538 0
-764 -539 0
-765 -540 0
-766 -526 0
-767 -527 0
-768 -528 0
-769 -529 0
-770 -530 0
-771 -531 0
-772 -532 0
-773 -533 0
-774 -534 0
-775 -535 0
-776 -536 0
-777 -537 0
-778 -538 0
-779 -539 0
-780 -540 0
-781 -256 0
-782 -257 0
-783 -258 0
-784 -259 0
-785 -260 0
-786 -261 0
-787 -262 0
-788 -263 0
-789 -264 0
-790 -265 0
-791 -266 0
-792 -267 0
-793 -268 0
-794 -269 0
-795 -270 0
-796 -316 0
-797 -317 0
-798 -318 0
-799 -319 0
-800 -320 0
-801 -321 0
-802 -322 0
-803 -323 0
-804 -324 0
-805 -325 0
-806 -326 0
-807 -327 0
-808 -328 0
-809 -329 0
-810 -330 0
-796 -481 0
-797 -482 0
-798 -483 0
-799 -484 0
-800 -485 0
-801 -486 0
-802 -487 0
-803 -488 0
-804 -489 0
-805 -490 0
-806 -491 0
-807 -492 0
-808 -493 0
-809 -494 0
-810 -495 0
-811 -256 0
-812 -257 0
-813 -258 0
-814 -259 0
-815 -260 0
-816 -261 0
-817 -262 0
-818 -263 0
-819 -264 0
-820 -265 0
-821 -266 0
-822 -267 0
-823 -268 0
-824 -269 0
-825 -270 0
-841 -466 0
-842 -467 0
-843 -468 0
-844 -469 0
-845 -470 0
-846 -471 0
-847 -472 0
-848 -473 0
-849 -474 0
-850 -475 0
-851 -476 0
-852 -477 0
-853 -478 0
-854 -479 0
-855 -480 0
-841 -796 0
-842 -797 0
-843 -798 0
-844 -799 0
-845 -800 0
-846 -801 0
-847 -802 0
-848 -803 0
-849 -804 0
-850 -805 0
-851 -806 0
-852 -807 0
-853 -808 0
-854 -809 0
-855 -810 0
-871 -256 0
-872 -257 0
-873 -258 0
-874 -259 0
-875 -260 0
-876 -261 0
-877 -262 0
-878 -263 0
-879 -264 0
-880 -265 0
-881 -266 0
-882 -267 0
-883 -268 0
-884 -269 0
-885 -270 0
-871 -526 0
-872 -527 0
-873 -528 0
-874 -529 0
-875 -530 0
-876 -531 0
-877 -532 0
-878 -533 0
-879 -534 0
-880 -535 0
-881 -536 0
-882 -537 0
-883 -538 0
-884 -539 0
-885 -540 0
-901 -166 0
-902 -167 0
-903 -168 0
-904 -169 0
-905 -170 0
-906 -171 0
-907 -172 0
-908 -173 0
-909 -174 0
-910 -175 0
-911 -176 0
-912 -177 0
-913 -178 0
-914 -179 0
-915 -180 0
-901 -496 0
-902 -497 0
-903 -498 0
-904 -499 0
-905 -500 0
-906 -501 0
-907 -502 0
-908 -503 0
-909 -504 0
-910 -505 0
-911 -506 0
-912 -507 0
-913 -508 0
-914 -509 0
-915 -510 0
-901 -661 0
-902 -662 0
-903 -663 0
-904 -664 0
-905 -665 0
-906 -666 0
-907 -667 0
-908 -668 0
-909 -669 0
-910 -670 0
-911 -671 0
-912 -672 0
-913 -673 0
-914 -674 0
-915 -675 0
-916 -256 0
-917 -257 0
-918 -258 0
-919 -259 0
-920 -260 0
-921 -261 0
-922 -262 0
-923 -263 0
-924 -264 0
-925 -265 0
-926 -266 0
-927 -267 0
-928 -268 0
-929 -269 0
-930 -270 0
-916 -586 0
-917 -587 0
-918 -588 0
-919 -589 0
-920 -590 0
-921 -591 0
-922 -592 0
-923 -593 0
-924 -594 0
-925 -595 0
-926 -596 0
-927 -597 0
-928 -598 0
-929 -599 0
-930 -600 0
-931 -256 0
-932 -257 0
-933 -258 0
-934 -259 0
-935 -260 0
-936 -261 0
-937 -262 0
-938 -263 0
-939 -264 0
-940 -265 0
-941 -266 0
-942 -267 0
-943 -268 0
-944 -269 0
-945 -270 0
-946 -256 0
-947 -257 0
-948 -258 0
-949 -259 0
-950 -260 0
-951 -261 0
-952 -262 0
-953 -263 0
-954 -264 0
-955 -265 0
-956 -266 0
-957 -267 0
-958 -268 0
-959 -269 0
-960 -270 0
-946 -376 0
-947 -377 0
-948 -378 0
-949 -379 0
-950 -380 0
-951 -381 0
-952 -382 0
-953 -383 0
-954 -384 0
-955 -385 0
-956 -386 0
-957 -387 0
-958 -388 0
-959 -389 0
-960 -390 0
-946 -481 0
-947 -482 0
-948 -483 0
-949 -484 0
-950 -485 0
-951 -486 0
-952 -487 0
-953 -488 0
-954 -489 0
-955 -490 0
-956 -491 0
-957 -492 0
-958 -493 0
-959 -494 0
-960 -495 0
-946 -511 0
-947 -512 0
-948 -513 0
-949 -514 0
-950 -515 0
-951 -516 0
-952 -517 0
-953 -518 0
-954 -519 0
-955 -520 0
-956 -521 0
-957 -522 0
-958 -523 0
-959 -524 0
-960 -525 0
-946 -526 0
-947 -527 0
-948 -528 0
-949 -529 0
-950 -530 0
-951 -531 0
-952 -532 0
-953 -533 0
-954 -534 0
-955 -535 0
-956 -536 0
-957 -537 0
-958 -538 0
-959 -539 0
-960 -540 0
-946 -586 0
-947 -587 0
-948 -588 0
-949 -589 0
-950 -590 0
-951 -591 0
-952 -592 0
-953 -593 0
-954 -594 0
-955 -595 0
-956 -596 0
-957 -597 0
-958 -598 0
-959 -599 0
-960 -600 0
-946 -661 0
-947 -662 0
-948 -663 0
-949 -664 0
-950 -665 0
-951 -666 0
-952 -667 0
-953 -668 0
-954 -669 0
-955 -670 0
-956 -671 0
-957 -672 0
-958 -673 0
-959 -674 0
-960 -675 0
-946 -796 0
-947 -797 0
-948 -798 0
-949 -799 0
-950 -800 0
-951 -801 0
-952 -802 0
-953 -803 0
-954 -804 0
-955 -805 0
-956 -806 0
-957 -807 0
-958 -808 0
-959 -809 0
-960 -810 0
-946 -916 0
-947 -917 0
-948 -918 0
-949 -919 0
-950 -920 0
-951 -921 0
-952 -922 0
-953 -923 0
-954 -924 0
-955 -925 0
-956 -926 0
-957 -927 0
-958 -928 0
-959 -929 0
-960 -930 0
-976 -526 0
-977 -527 0
-978 -528 0
-979 -529 0
-980 -530 0
-981 -531 0
-982 -532 0
-983 -533 0
-984 -534 0
-985 -535 0
-986 -536 0
-987 -537 0
-988 -538 0
-989 -539 0
-990 -540 0
-991 -796 0
-992 -797 0
-993 -798 0
-994 -799 0
-995 -800 0
-996 -801 0
-997 -802 0
-998 -803 0
-999 -804 0
-1000 -805 0
-1001 -806 0
-1002 -807 0
-1003 -808 0
-1004 -809 0
-1005 -810 0
-1006 -256 0
-1007 -257 0
-1008 -258 0
-1009 -259 0
-1010 -260 0
-1011 -261 0
-1012 -262 0
-1013 -263 0
-1014 -264 0
-1015 -265 0
-1016 -266 0
-1017 -267 0
-1018 -268 0
-1019 -269 0
-1020 -270 0
-1006 -286 0
-1007 -287 0
-1008 -288 0
-1009 -289 0
-1010 -290 0
-1011 -291 0
-1012 -292 0
-1013 -293 0
-1014 -294 0
-1015 -295 0
-1016 -296 0
-1017 -297 0
-1018 -298 0
-1019 -299 0
-1020 -300 0
-1006 -301 0
-1007 -302 0
-1008 -303 0
-1009 -304 0
-1010 -305 0
-1011 -306 0
-1012 -307 0
-1013 -308 0
-1014 -309 0
-1015 -310 0
-1016 -311 0
-1017 -312 0
-1018 -313 0
-1019 -314 0
-1020 -315 0
-1006 -676 0
-1007 -677 0
-1008 -678 0
-1009 -679 0
-1010 -680 0
-1011 -681 0
-1012 -682 0
-1013 -683 0
-1014 -684 0
-1015 -685 0
-1016 -686 0
-1017 -687 0
-1018 -688 0
-1019 -689 0
-1020 -690 0
-1021 -436 0
-1022 -437 0
-1023 -438 0
-1024 -439 0
-1025 -440 0
-1026 -441 0
-1027 -442 0
-1028 -443 0
-1029 -444 0
-1030 -445 0
-1031 -446 0
-1032 -447 0
-1033 -448 0
-1034 -449 0
-1035 -450 0
-1036 -466 0
-1037 -467 0
-1038 -468 0
-1039 -469 0
-1040 -470 0
-1041 -471 0
-1042 -472 0
-1043 -473 0
-1044 -474 0
-1045 -475 0
-1046 -476 0
-1047 -477 0
-1048 -478 0
-1049 -479 0
-1050 -480 0
-1036 -796 0
-1037 -797 0
-1038 -798 0
-1039 -799 0
-1040 -800 0
-1041 -801 0
-1042 -802 0
-1043 -803 0
-1044 -804 0
-1045 -805 0
-1046 -806 0
-1047 -807 0
-1048 -808 0
-1049 -809 0
-1050 -810 0
-1036 -841 0
-1037 -842 0
-1038 -843 0
-1039 -844 0
-1040 -845 0
-1041 -846 0
-1042 -847 0
-1043 -848 0
-1044 -849 0
-1045 -850 0
-1046 -851 0
-1047 -852 0
-1048 -853 0
-1049 -854 0
-1050 -855 0
-1051 -526 0
-1052 -527 0
-1053 -528 0
-1054 -529 0
-1055 -530 0
-1056 -531 0
-1057 -532 0
-1058 -533 0
-1059 -534 0
-1060 -535 0
-1061 -536 0
-1062 -537 0
-1063 -538 0
-1064 -539 0
-1065 -540 0
-1066 -256 0
-1067 -257 0
-1068 -258 0
-1069 -259 0
-1070 -260 0
-1071 -261 0
-1072 -262 0
-1073 -263 0
-1074 -264 0
-1075 -265 0
-1076 -266 0
-1077 -267 0
-1078 -268 0
-1079 -269 0
-1080 -270 0
-1066 -316 0
-1067 -317 0
-1068 -318 0
-1069 -319 0
-1070 -320 0
-1071 -321 0
-1072 -322 0
-1073 -323 0
-1074 -324 0
-1075 -325 0
-1076 -326 0
-1077 -327 0
-1078 -328 0
-1079 -329 0
-1080 -330 0
-1066 -346 0
-1067 -347 0
-1068 -348 0
-1069 -349 0
-1070 -350 0
-1071 -351 0
-1072 -352 0
-1073 -353 0
-1074 -354 0
-1075 -355 0
-1076 -356 0
-1077 -357 0
-1078 -358 0
-1079 -359 0
-1080 -360 0
-1066 -361 0
-1067 -362 0
-1068 -363 0
-1069 -364 0
-1070 -365 0
-1071 -366 0
-1072 -367 0
-1073 -368 0
-1074 -369 0
-1075 -370 0
-1076 -371 0
-1077 -372 0
-1078 -373 0
-1079 -374 0
-1080 -375 0
-1066 -406 0
-1067 -407 0
-1068 -408 0
-1069 -409 0
-1070 -410 0
-1071 -411 0
-1072 -412 0
-1073 -413 0
-1074 -414 0
-1075 -415 0
-1076 -416 0
-1077 -417 0
-1078 -418 0
-1079 -419 0
-1080 -420 0
-1066 -436 0
-1067 -437 0
-1068 -438 0
-1069 -439 0
-1070 -440 0
-1071 -441 0
-1072 -442 0
-1073 -443 0
-1074 -444 0
-1075 -445 0
-1076 -446 0
-1077 -447 0
-1078 -448 0
-1079 -449 0
-1080 -450 0
-1066 -466 0
-1067 -467 0
-1068 -468 0
-1069 -469 0
-1070 -470 0
-1071 -471 0
-1072 -472 0
-1073 -473 0
-1074 -474 0
-1075 -475 0
-1076 -476 0
-1077 -477 0
-1078 -478 0
-1079 -479 0
-1080 -480 0
-1066 -481 0
-1067 -482 0
-1068 -483 0
-1069 -484 0
-1070 -485 0
-1071 -486 0
-1072 -487 0
-1073 -488 0
-1074 -489 0
-1075 -490 0
-1076 -491 0
-1077 -492 0
-1078 -493 0
-1079 -494 0
-1080 -495 0
-1066 -526 0
-1067 -527 0
-1068 -528 0
-1069 -529 0
-1070 -530 0
-1071 -531 0
-1072 -532 0
-1073 -533 0
-1074 -534 0
-1075 -535 0
-1076 -536 0
-1077 -537 0
-1078 -538 0
-1079 -539 0
-1080 -540 0
-1066 -541 0
-1067 -542 0
-1068 -543 0
-1069 -544 0
-1070 -545 0
-1071 -546 0
-1072 -547 0
-1073 -548 0
-1074 -549 0
-1075 -550 0
-1076 -551 0
-1077 -552 0
-1078 -553 0
-1079 -554 0
-1080 -555 0
-1066 -556 0
-1067 -557 0
-1068 -558 0
-1069 -559 0
-1070 -560 0
-1071 -561 0
-1072 -562 0
-1073 -563 0
-1074 -564 0
-1075 -565 0
-1076 -566 0
-1077 -567 0
-1078 -568 0
-1079 -569 0
-1080 -570 0
-1066 -691 0
-1067 -692 0
-1068 -693 0
-1069 -694 0
-1070 -695 0
-1071 -696 0
-1072 -697 0
-1073 -698 0
-1074 -699 0
-1075 -700 0
-1076 -701 0
-1077 -702 0
-1078 -703 0
-1079 -704 0
-1080 -705 0
-1066 -721 0
-1067 -722 0
-1068 -723 0
-1069 -724 0
-1070 -725 0
-1071 -726 0
-1072 -727 0
-1073 -728 0
-1074 -729 0
-1075 -730 0
-1076 -731 0
-1077 -732 0
-1078 -733 0
-1079 -734 0
-1080 -735 0
-1066 -796 0
-1067 -797 0
-1068 -798 0
-1069 -799 0
-1070 -800 0
-1071 -801 0
-1072 -802 0
-1073 -803 0
-1074 -804 0
-1075 -805 0
-1076 -806 0
-1077 -807 0
-1078 -808 0
-1079 -809 0
-1080 -810 0
-1066 -826 0
-1067 -827 0
-1068 -828 0
-1069 -829 0
-1070 -830 0
-1071 -831 0
-1072 -832 0
-1073 -833 0
-1074 -834 0
-1075 -835 0
-1076 -836 0
-1077 -837 0
-1078 -838 0
-1079 -839 0
-1080 -840 0
-1066 -841 0
-1067 -842 0
-1068 -843 0
-1069 -844 0
-1070 -845 0
-1071 -846 0
-1072 -847 0
-1073 -848 0
-1074 -849 0
-1075 -850 0
-1076 -851 0
-1077 -852 0
-1078 -853 0
-1079 -854 0
-1080 -855 0
-1066 -946 0
-1067 -947 0
-1068 -948 0
-1069 -949 0
-1070 -950 0
-1071 -951 0
-1072 -952 0
-1073 -953 0
-1074 -954 0
-1075 -955 0
-1076 -956 0
-1077 -957 0
-1078 -958 0
-1079 -959 0
-1080 -960 0
-1066 -991 0
-1067 -992 0
-1068 -993 0
-1069 -994 0
-1070 -995 0
-1071 -996 0
-1072 -997 0
-1073 -998 0
-1074 -999 0
-1075 -1000 0
-1076 -1001 0
-1077 -1002 0
-1078 -1003 0
-1079 -1004 0
-1080 -1005 0
-1066 -1036 0
-1067 -1037 0
-1068 -1038 0
-1069 -1039 0
-1070 -1040 0
-1071 -1041 0
-1072 -1042 0
-1073 -1043 0
-1074 -1044 0
-1075 -1045 0
-1076 -1046 0
-1077 -1047 0
-1078 -1048 0
-1079 -1049 0
-1080 -1050 0
-1081 -466 0
-1082 -467 0
-1083 -468 0
-1084 -469 0
-1085 -470 0
-1086 -471 0
-1087 -472 0
-1088 -473 0
-1089 -474 0
-1090 -475 0
-1091 -476 0
-1092 -477 0
-1093 -478 0
-1094 -479 0
-1095 -480 0
-1081 -841 0
-1082 -842 0
-1083 -843 0
-1084 -844 0
-1085 -845 0
-1086 -846 0
-1087 -847 0
-1088 -848 0
-1089 -849 0
-1090 -850 0
-1091 -851 0
-1092 -852 0
-1093 -853 0
-1094 -854 0
-1095 -855 0
-1081 -1036 0
-1082 -1037 0
-1083 -1038 0
-1084 -1039 0
-1085 -1040 0
-1086 -1041 0
-1087 -1042 0
-1088 -1043 0
-1089 -1044 0
-1090 -1045 0
-1091 -1046 0
-1092 -1047 0
-1093 -1048 0
-1094 -1049 0
-1095 -1050 0
-1081 -1066 0
-1082 -1067 0
-1083 -1068 0
-1084 -1069 0
-1085 -1070 0
-1086 -1071 0
-1087 -1072 0
-1088 -1073 0
-1089 -1074 0
-1090 -1075 0
-1091 -1076 0
-1092 -1077 0
-1093 -1078 0
-1094 -1079 0
-1095 -1080 0
-1096 -31 0
-1097 -32 0
-1098 -33 0
-1099 -34 0
-1100 -35 0
-1101 -36 0
-1102 -37 0
-1103 -38 0
-1104 -39 0
-1105 -40 0
-1106 -41 0
-1107 -42 0
-1108 -43 0
-1109 -44 0
-1110 -45 0
-1096 -76 0
-1097 -77 0
-1098 -78 0
-1099 -79 0
-1100 -80 0
-1101 -81 0
-1102 -82 0
-1103 -83 0
-1104 -84 0
-1105 -85 0
-1106 -86 0
-1107 -87 0
-1108 -88 0
-1109 -89 0
-1110 -90 0
-1096 -91 0
-1097 -92 0
-1098 -93 0
-1099 -94 0
-1100 -95 0
-1101 -96 0
-1102 -97 0
-1103 -98 0
-1104 -99 0
-1105 -100 0
-1106 -101 0
-1107 -102 0
-1108 -103 0
-1109 -104 0
-1110 -105 0
-1096 -151 0
-1097 -152 0
-1098 -153 0
-1099 -154 0
-1100 -155 0
-1101 -156 0
-1102 -157 0
-1103 -158 0
-1104 -159 0
-1105 -160 0
-1106 -161 0
-1107 -162 0
-1108 -163 0
-1109 -164 0
-1110 -165 0
-1096 -196 0
-1097 -197 0
-1098 -198 0
-1099 -199 0
-1100 -200 0
-1101 -201 0
-1102 -202 0
-1103 -203 0
-1104 -204 0
-1105 -205 0
-1106 -206 0
-1107 -207 0
-1108 -208 0
-1109 -209 0
-1110 -210 0
-1096 -226 0
-1097 -227 0
-1098 -228 0
-1099 -229 0
-1100 -230 0
-1101 -231 0
-1102 -232 0
-1103 -233 0
-1104 -234 0
-1105 -235 0
-1106 -236 0
-1107 -237 0
-1108 -238 0
-1109 -239 0
-1110 -240 0
-1096 -241 0
-1097 -242 0
-1098 -243 0
-1099 -244 0
-1100 -245 0
-1101 -246 0
-1102 -247 0
-1103 -248 0
-1104 -249 0
-1105 -250 0
-1106 -251 0
-1107 -252 0
-1108 -253 0
-1109 -254 0
-1110 -255 0
-1096 -256 0
-1097 -257 0
-1098 -258 0
-1099 -259 0
-1100 -260 0
-1101 -261 0
-1102 -262 0
-1103 -263 0
-1104 -264 0
-1105 -265 0
-1106 -266 0
-1107 -267 0
-1108 -268 0
-1109 -269 0
-1110 -270 0
-1096 -271 0
-1097 -272 0
-1098 -273 0
-1099 -274 0
-1100 -275 0
-1101 -276 0
-1102 -277 0
-1103 -278 0
-1104 -279 0
-1105 -280 0
-1106 -281 0
-1107 -282 0
-1108 -283 0
-1109 -284 0
-1110 -285 0
-1096 -286 0
-1097 -287 0
-1098 -288 0
-1099 -289 0
-1100 -290 0
-1101 -291 0
-1102 -292 0
-1103 -293 0
-1104 -294 0
-1105 -295 0
-1106 -296 0
-1107 -297 0
-1108 -298 0
-1109 -299 0
-1110 -300 0
-1096 -301 0
-1097 -302 0
-1098 -303 0
-1099 -304 0
-1100 -305 0
-1101 -306 0
-1102 -307 0
-1103 -308 0
-1104 -309 0
-1105 -310 0
-1106 -311 0
-1107 -312 0
-1108 -313 0
-1109 -314 0
-1110 -315 0
-1096 -421 0
-1097 -422 0
-1098 -423 0
-1099 -424 0
-1100 -425 0
-1101 -426 0
-1102 -427 0
-1103 -428 0
-1104 -429 0
-1105 -430 0
-1106 -431 0
-1107 -432 0
-1108 -433 0
-1109 -434 0
-1110 -435 0
-1096 -436 0
-1097 -437 0
-1098 -438 0
-1099 -439 0
-1100 -440 0
-1101 -441 0
-1102 -442 0
-1103 -443 0
-1104 -444 0
-1105 -445 0
-1106 -446 0
-1107 -447 0
-1108 -448 0
-1109 -449 0
-1110 -450 0
-1096 -481 0
-1097 -482 0
-1098 -483 0
-1099 -484 0
-1100 -485 0
-1101 -486 0
-1102 -487 0
-1103 -488 0
-1104 -489 0
-1105 -490 0
-1106 -491 0
-1107 -492 0
-1108 -493 0
-1109 -494 0
-1110 -495 0
-1096 -526 0
-1097 -527 0
-1098 -528 0
-1099 -529 0
-1100 -530 0
-1101 -531 0
-1102 -532 0
-1103 -533 0
-1104 -534 0
-1105 -535 0
-1106 -536 0
-1107 -537 0
-1108 -538 0
-1109 -539 0
-1110 -540 0
-1096 -646 0
-1097 -647 0
-1098 -648 0
-1099 -649 0
-1100 -650 0
-1101 -651 0
-1102 -652 0
-1103 -653 0
-1104 -654 0
-1105 -655 0
-1106 -656 0
-1107 -657 0
-1108 -658 0
-1109 -659 0
-1110 -660 0
-1096 -661 0
-1097 -662 0
-1098 -663 0
-1099 -664 0
-1100 -665 0
-1101 -666 0
-1102 -667 0
-1103 -668 0
-1104 -669 0
-1105 -670 0
-1106 -671 0
-1107 -672 0
-1108 -673 0
-1109 -674 0
-1110 -675 0
-1096 -676 0
-1097 -677 0
-1098 -678 0
-1099 -679 0
-1100 -680 0
-1101 -681 0
-1102 -682 0
-1103 -683 0
-1104 -684 0
-1105 -685 0
-1106 -686 0
-1107 -687 0
-1108 -688 0
-1109 -689 0
-1110 -690 0
-1096 -871 0
-1097 -872 0
-1098 -873 0
-1099 -874 0
-1100 -875 0
-1101 -876 0
-1102 -877 0
-1103 -878 0
-1104 -879 0
-1105 -880 0
-1106 -881 0
-1107 -882 0
-1108 -883 0
-1109 -884 0
-1110 -885 0
-1096 -886 0
-1097 -887 0
-1098 -888 0
-1099 -889 0
-1100 -890 0
-1101 -891 0
-1102 -892 0
-1103 -893 0
-1104 -894 0
-1105 -895 0
-1106 -896 0
-1107 -897 0
-1108 -898 0
-1109 -899 0
-1110 -900 0
-1096 -961 0
-1097 -962 0
-1098 -963 0
-1099 -964 0
-1100 -965 0
-1101 -966 0
-1102 -967 0
-1103 -968 0
-1104 -969 0
-1105 -970 0
-1106 -971 0
-1107 -972 0
-1108 -973 0
-1109 -974 0
-1110 -975 0
-1096 -1006 0
-1097 -1007 0
-1098 -1008 0
-1099 -1009 0
-1100 -1010 0
-1101 -1011 0
-1102 -1012 0
-1103 -1013 0
-1104 -1014 0
-1105 -1015 0
-1106 -1016 0
-1107 -1017 0
-1108 -1018 0
-1109 -1019 0
-1110 -1020 0
-1096 -1066 0
-1097 -1067 0
-1098 -1068 0
-1099 -1069 0
-1100 -1070 0
-1101 -1071 0
-1102 -1072 0
-1103 -1073 0
-1104 -1074 0
-1105 -1075 0
-1106 -1076 0
-1107 -1077 0
-1108 -1078 0
-1109 -1079 0
-1110 -1080 0
-1111 -256 0
-1112 -257 0
-1113 -258 0
-1114 -259 0
-1115 -260 0
-1116 -261 0
-1117 -262 0
-1118 -263 0
-1119 -264 0
-1120 -265 0
-1121 -266 0
-1122 -267 0
-1123 -268 0
-1124 -269 0
-1125 -270 0
-1111 -1096 0
-1112 -1097 0
-1113 -1098 0
-1114 -1099 0
-1115 -1100 0
-1116 -1101 0
-1117 -1102 0
-1118 -1103 0
-1119 -1104 0
-1120 -1105 0
-1121 -1106 0
-1122 -1107 0
-1123 -1108 0
-1124 -1109 0
-1125 -1110 0
-1126 -256 0
-1127 -257 0
-1128 -258 0
-1129 -259 0
-1130 -260 0
-1131 -261 0
-1132 -262 0
-1133 -263 0
-1134 -264 0
-1135 -265 0
-1136 -266 0
-1137 -267 0
-1138 -268 0
-1139 -269 0
-1140 -270 0
-1126 -526 0
-1127 -527 0
-1128 -528 0
-1129 -529 0
-1130 -530 0
-1131 -531 0
-1132 -532 0
-1133 -533 0
-1134 -534 0
-1135 -535 0
-1136 -536 0
-1137 -537 0
-1138 -538 0
-1139 -539 0
-1140 -540 0
-1126 -751 0
-1127 -752 0
-1128 -753 0
-1129 -754 0
-1130 -755 0
-1131 -756 0
-1132 -757 0
-1133 -758 0
-1134 -759 0
-1135 -760 0
-1136 -761 0
-1137 -762 0
-1138 -763 0
-1139 -764 0
-1140 -765 0
-1141 -466 0
-1142 -467 0
-1143 -468 0
-1144 -469 0
-1145 -470 0
-1146 -471 0
-1147 -472 0
-1148 -473 0
-1149 -474 0
-1150 -475 0
-1151 -476 0
-1152 -477 0
-1153 -478 0
-1154 -479 0
-1155 -480 0
-1141 -526 0
-1142 -527 0
-1143 -528 0
-1144 -529 0
-1145 -530 0
-1146 -531 0
-1147 -532 0
-1148 -533 0
-1149 -534 0
-1150 -535 0
-1151 -536 0
-1152 -537 0
-1153 -538 0
-1154 -539 0
-1155 -540 0
-1141 -541 0
-1142 -542 0
-1143 -543 0
-1144 -544 0
-1145 -545 0
-1146 -546 0
-1147 -547 0
-1148 -548 0
-1149 -549 0
-1150 -550 0
-1151 -551 0
-1152 -552 0
-1153 -553 0
-1154 -554 0
-1155 -555 0
-1141 -796 0
-1142 -797 0
-1143 -798 0
-1144 -799 0
-1145 -800 0
-1146 -801 0
-1147 -802 0
-1148 -803 0
-1149 -804 0
-1150 -805 0
-1151 -806 0
-1152 -807 0
-1153 -808 0
-1154 -809 0
-1155 -810 0
-1141 -841 0
-1142 -842 0
-1143 -843 0
-1144 -844 0
-1145 -845 0
-1146 -846 0
-1147 -847 0
-1148 -848 0
-1149 -849 0
-1150 -850 0
-1151 -851 0
-1152 -852 0
-1153 -853 0
-1154 -854 0
-1155 -855 0
-1141 -991 0
-1142 -992 0
-1143 -993 0
-1144 -994 0
-1145 -995 0
-1146 -996 0
-1147 -997 0
-1148 -998 0
-1149 -999 0
-1150 -1000 0
-1151 -1001 0
-1152 -1002 0
-1153 -1003 0
-1154 -1004 0
-1155 -1005 0
-1141 -1036 0
-1142 -1037 0
-1143 -1038 0
-1144 -1039 0
-1145 -1040 0
-1146 -1041 0
-1147 -1042 0
-1148 -1043 0
-1149 -1044 0
-1150 -1045 0
-1151 -1046 0
-1152 -1047 0
-1153 -1048 0
-1154 -1049 0
-1155 -1050 0
-1141 -1066 0
-1142 -1067 0
-1143 -1068 0
-1144 -1069 0
-1145 -1070 0
-1146 -1071 0
-1147 -1072 0
-1148 -1073 0
-1149 -1074 0
-1150 -1075 0
-1151 -1076 0
-1152 -1077 0
-1153 -1078 0
-1154 -1079 0
-1155 -1080 0
-1141 -1081 0
-1142 -1082 0
-1143 -1083 0
-1144 -1084 0
-1145 -1085 0
-1146 -1086 0
-1147 -1087 0
-1148 -1088 0
-1149 -1089 0
-1150 -1090 0
-1151 -1091 0
-1152 -1092 0
-1153 -1093 0
-1154 -1094 0
-1155 -1095 0
-1156 -196 0
-1157 -197 0
-1158 -198 0
-1159 -199 0
-1160 -200 0
-1161 -201 0
-1162 -202 0
-1163 -203 0
-1164 -204 0
-1165 -205 0
-1166 -206 0
-1167 -207 0
-1168 -208 0
-1169 -209 0
-1170 -210 0
-1156 -241 0
-1157 -242 0
-1158 -243 0
-1159 -244 0
-1160 -245 0
-1161 -246 0
-1162 -247 0
-1163 -248 0
-1164 -249 0
-1165 -250 0
-1166 -251 0
-1167 -252 0
-1168 -253 0
-1169 -254 0
-1170 -255 0
-1156 -256 0
-1157 -257 0
-1158 -258 0
-1159 -259 0
-1160 -260 0
-1161 -261 0
-1162 -262 0
-1163 -263 0
-1164 -264 0
-1165 -265 0
-1166 -266 0
-1167 -267 0
-1168 -268 0
-1169 -269 0
-1170 -270 0
-1156 -271 0
-1157 -272 0
-1158 -273 0
-1159 -274 0
-1160 -275 0
-1161 -276 0
-1162 -277 0
-1163 -278 0
-1164 -279 0
-1165 -280 0
-1166 -281 0
-1167 -282 0
-1168 -283 0
-1169 -284 0
-1170 -285 0
-1156 -286 0
-1157 -287 0
-1158 -288 0
-1159 -289 0
-1160 -290 0
-1161 -291 0
-1162 -292 0
-1163 -293 0
-1164 -294 0
-1165 -295 0
-1166 -296 0
-1167 -297 0
-1168 -298 0
-1169 -299 0
-1170 -300 0
-1156 -301 0
-1157 -302 0
-1158 -303 0
-1159 -304 0
-1160 -305 0
-1161 -306 0
-1162 -307 0
-1163 -308 0
-1164 -309 0
-1165 -310 0
-1166 -311 0
-1167 -312 0
-1168 -313 0
-1169 -314 0
-1170 -315 0
-1156 -481 0
-1157 -482 0
-1158 -483 0
-1159 -484 0
-1160 -485 0
-1161 -486 0
-1162 -487 0
-1163 -488 0
-1164 -489 0
-1165 -490 0
-1166 -491 0
-1167 -492 0
-1168 -493 0
-1169 -494 0
-1170 -495 0
-1156 -1096 0
-1157 -1097 0
-1158 -1098 0
-1159 -1099 0
-1160 -1100 0
-1161 -1101 0
-1162 -1102 0
-1163 -1103 0
-1164 -1104 0
-1165 -1105 0
-1166 -1106 0
-1167 -1107 0
-1168 -1108 0
-1169 -1109 0
-1170 -1110 0
-1171 -256 0
-1172 -257 0
-1173 -258 0
-1174 -259 0
-1175 -260 0
-1176 -261 0
-1177 -262 0
-1178 -263 0
-1179 -264 0
-1180 -265 0
-1181 -266 0
-1182 -267 0
-1183 -268 0
-1184 -269 0
-1185 -270 0
-1171 -406 0
-1172 -407 0
-1173 -408 0
-1174 -409 0
-1175 -410 0
-1176 -411 0
-1177 -412 0
-1178 -413 0
-1179 -414 0
-1180 -415 0
-1181 -416 0
-1182 -417 0
-1183 -418 0
-1184 -419 0
-1185 -420 0
-1171 -526 0
-1172 -527 0
-1173 -528 0
-1174 -529 0
-1175 -530 0
-1176 -531 0
-1177 -532 0
-1178 -533 0
-1179 -534 0
-1180 -535 0
-1181 -536 0
-1182 -537 0
-1183 -538 0
-1184 -539 0
-1185 -540 0
-1171 -1066 0
-1172 -1067 0
-1173 -1068 0
-1174 -1069 0
-1175 -1070 0
-1176 -1071 0
-1177 -1072 0
-1178 -1073 0
-1179 -1074 0
-1180 -1075 0
-1181 -1076 0
-1182 -1077 0
-1183 -1078 0
-1184 -1079 0
-1185 -1080 0
-1186 -256 0
-1187 -257 0
-1188 -258 0
-1189 -259 0
-1190 -260 0
-1191 -261 0
-1192 -262 0
-1193 -263 0
-1194 -264 0
-1195 -265 0
-1196 -266 0
-1197 -267 0
-1198 -268 0
-1199 -269 0
-1200 -270 0
-1186 -526 0
-1187 -527 0
-1188 -528 0
-1189 -529 0
-1190 -530 0
-1191 -531 0
-1192 -532 0
-1193 -533 0
-1194 -534 0
-1195 -535 0
-1196 -536 0
-1197 -537 0
-1198 -538 0
-1199 -539 0
-1200 -540 0
-1201 -91 0
-1202 -92 0
-1203 -93 0
-1204 -94 0
-1205 -95 0
-1206 -96 0
-1207 -97 0
-1208 -98 0
-1209 -99 0
-1210 -100 0
-1211 -101 0
-1212 -102 0
-1213 -103 0
-1214 -104 0
-1215 -105 0
-1201 -256 0
-1202 -257 0
-1203 -258 0
-1204 -259 0
-1205 -260 0
-1206 -261 0
-1207 -262 0
-1208 -263 0
-1209 -264 0
-1210 -265 0
-1211 -266 0
-1212 -267 0
-1213 -268 0
-1214 -269 0
-1215 -270 0
-1201 -526 0
-1202 -527 0
-1203 -528 0
-1204 -529 0
-1205 -530 0
-1206 -531 0
-1207 -532 0
-1208 -533 0
-1209 -534 0
-1210 -535 0
-1211 -536 0
-1212 -537 0
-1213 -538 0
-1214 -539 0
-1215 -540 0
-1201 -1096 0
-1202 -1097 0
-1203 -1098 0
-1204 -1099 0
-1205 -1100 0
-1206 -1101 0
-1207 -1102 0
-1208 -1103 0
-1209 -1104 0
-1210 -1105 0
-1211 -1106 0
-1212 -1107 0
-1213 -1108 0
-1214 -1109 0
-1215 -1110 0
-1216 -661 0
-1217 -662 0
-1218 -663 0
-1219 -664 0
-1220 -665 0
-1221 -666 0
-1222 -667 0
-1223 -668 0
-1224 -669 0
-1225 -670 0
-1226 -671 0
-1227 -672 0
-1228 -673 0
-1229 -674 0
-1230 -675 0
-1216 -901 0
-1217 -902 0
-1218 -903 0
-1219 -904 0
-1220 -905 0
-1221 -906 0
-1222 -907 0
-1223 -908 0
-1224 -909 0
-1225 -910 0
-1226 -911 0
-1227 -912 0
-1228 -913 0
-1229 -914 0
-1230 -915 0
-1231 -121 0
-1232 -122 0
-1233 -123 0
-1234 -124 0
-1235 -125 0
-1236 -126 0
-1237 -127 0
-1238 -128 0
-1239 -129 0
-1240 -130 0
-1241 -131 0
-1242 -132 0
-1243 -133 0
-1244 -134 0
-1245 -135 0
-1231 -256 0
-1232 -257 0
-1233 -258 0
-1234 -259 0
-1235 -260 0
-1236 -261 0
-1237 -262 0
-1238 -263 0
-1239 -264 0
-1240 -265 0
-1241 -266 0
-1242 -267 0
-1243 -268 0
-1244 -269 0
-1245 -270 0
-1231 -526 0
-1232 -527 0
-1233 -528 0
-1234 -529 0
-1235 -530 0
-1236 -531 0
-1237 -532 0
-1238 -533 0
-1239 -534 0
-1240 -535 0
-1241 -536 0
-1242 -537 0
-1243 -538 0
-1244 -539 0
-1245 -540 0
-1231 -871 0
-1232 -872 0
-1233 -873 0
-1234 -874 0
-1235 -875 0
-1236 -876 0
-1237 -877 0
-1238 -878 0
-1239 -879 0
-1240 -880 0
-1241 -881 0
-1242 -882 0
-1243 -883 0
-1244 -884 0
-1245 -885 0
-1231 -931 0
-1232 -932 0
-1233 -933 0
-1234 -934 0
-1235 -935 0
-1236 -936 0
-1237 -937 0
-1238 -938 0
-1239 -939 0
-1240 -940 0
-1241 -941 0
-1242 -942 0
-1243 -943 0
-1244 -944 0
-1245 -945 0
-1231 -1096 0
-1232 -1097 0
-1233 -1098 0
-1234 -1099 0
-1235 -1100 0
-1236 -1101 0
-1237 -1102 0
-1238 -1103 0
-1239 -1104 0
-1240 -1105 0
-1241 -1106 0
-1242 -1107 0
-1243 -1108 0
-1244 -1109 0
-1245 -1110 0
-1246 -691 0
-1247 -692 0
-1248 -693 0
-1249 -694 0
-1250 -695 0
-1251 -696 0
-1252 -697 0
-1253 -698 0
-1254 -699 0
-1255 -700 0
-1256 -701 0
-1257 -702 0
-1258 -703 0
-1259 -704 0
-1260 -705 0
-1246 -1066 0
-1247 -1067 0
-1248 -1068 0
-1249 -1069 0
-1250 -1070 0
-1251 -1071 0
-1252 -1072 0
-1253 -1073 0
-1254 -1074 0
-1255 -1075 0
-1256 -1076 0
-1257 -1077 0
-1258 -1078 0
-1259 -1079 0
-1260 -1080 0
-1261 -256 0
-1262 -257 0
-1263 -258 0
-1264 -259 0
-1265 -260 0
-1266 -261 0
-1267 -262 0
-1268 -263 0
-1269 -264 0
-1270 -265 0
-1271 -266 0
-1272 -267 0
-1273 -268 0
-1274 -269 0
-1275 -270 0
-1261 -526 0
-1262 -527 0
-1263 -528 0
-1264 -529 0
-1265 -530 0
-1266 -531 0
-1267 -532 0
-1268 -533 0
-1269 -534 0
-1270 -535 0
-1271 -536 0
-1272 -537 0
-1273 -538 0
-1274 -539 0
-1275 -540 0
-1261 -781 0
-1262 -782 0
-1263 -783 0
-1264 -784 0
-1265 -785 0
-1266 -786 0
-1267 -787 0
-1268 -788 0
-1269 -789 0
-1270 -790 0
-1271 -791 0
-1272 -792 0
-1273 -793 0
-1274 -794 0
-1275 -795 0
-1261 -856 0
-1262 -857 0
-1263 -858 0
-1264 -859 0
-1265 -860 0
-1266 -861 0
-1267 -862 0
-1268 -863 0
-1269 -864 0
-1270 -865 0
-1271 -866 0
-1272 -867 0
-1273 -868 0
-1274 -869 0
-1275 -870 0
-1261 -1066 0
-1262 -1067 0
-1263 -1068 0
-1264 -1069 0
-1265 -1070 0
-1266 -1071 0
-1267 -1072 0
-1268 -1073 0
-1269 -1074 0
-1270 -1075 0
-1271 -1076 0
-1272 -1077 0
-1273 -1078 0
-1274 -1079 0
-1275 -1080 0
-1261 -1096 0
-1262 -1097 0
-1263 -1098 0
-1264 -1099 0
-1265 -1100 0
-1266 -1101 0
-1267 -1102 0
-1268 -1103 0
-1269 -1104 0
-1270 -1105 0
-1271 -1106 0
-1272 -1107 0
-1273 -1108 0
-1274 -1109 0
-1275 -1110 0
-1276 -1021 0
-1277 -1022 0
-1278 -1023 0
-1279 -1024 0
-1280 -1025 0
-1281 -1026 0
-1282 -1027 0
-1283 -1028 0
-1284 -1029 0
-1285 -1030 0
-1286 -1031 0
-1287 -1032 0
-1288 -1033 0
-1289 -1034 0
-1290 -1035 0
-1291 -256 0
-1292 -257 0
-1293 -258 0
-1294 -259 0
-1295 -260 0
-1296 -261 0
-1297 -262 0
-1298 -263 0
-1299 -264 0
-1300 -265 0
-1301 -266 0
-1302 -267 0
-1303 -268 0
-1304 -269 0
-1305 -270 0
-1306 -256 0
-1307 -257 0
-1308 -258 0
-1309 -259 0
-1310 -260 0
-1311 -261 0
-1312 -262 0
-1313 -263 0
-1314 -264 0
-1315 -265 0
-1316 -266 0
-1317 -267 0
-1318 -268 0
-1319 -269 0
-1320 -270 0
-1321 -121 0
-1322 -122 0
-1323 -123 0
-1324 -124 0
-1325 -125 0
-1326 -126 0
-1327 -127 0
-1328 -128 0
-1329 -129 0
-1330 -130 0
-1331 -131 0
-1332 -132 0
-1333 -133 0
-1334 -134 0
-1335 -135 0
-1321 -256 0
-1322 -257 0
-1323 -258 0
-1324 -259 0
-1325 -260 0
-1326 -261 0
-1327 -262 0
-1328 -263 0
-1329 -264 0
-1330 -265 0
-1331 -266 0
-1332 -267 0
-1333 -268 0
-1334 -269 0
-1335 -270 0
-1321 -271 0
-1322 -272 0
-1323 -273 0
-1324 -274 0
-1325 -275 0
-1326 -276 0
-1327 -277 0
-1328 -278 0
-1329 -279 0
-1330 -280 0
-1331 -281 0
-1332 -282 0
-1333 -283 0
-1334 -284 0
-1335 -285 0
-1321 -481 0
-1322 -482 0
-1323 -483 0
-1324 -484 0
-1325 -485 0
-1326 -486 0
-1327 -487 0
-1328 -488 0
-1329 -489 0
-1330 -490 0
-1331 -491 0
-1332 -492 0
-1333 -493 0
-1334 -494 0
-1335 -495 0
-1321 -526 0
-1322 -527 0
-1323 -528 0
-1324 -529 0
-1325 -530 0
-1326 -531 0
-1327 -532 0
-1328 -533 0
-1329 -534 0
-1330 -535 0
-1331 -536 0
-1332 -537 0
-1333 -538 0
-1334 -539 0
-1335 -540 0
-1321 -856 0
-1322 -857 0
-1323 -858 0
-1324 -859 0
-1325 -860 0
-1326 -861 0
-1327 -862 0
-1328 -863 0
-1329 -864 0
-1330 -865 0
-1331 -866 0
-1332 -867 0
-1333 -868 0
-1334 -869 0
-1335 -870 0
-1321 -1066 0
-1322 -1067 0
-1323 -1068 0
-1324 -1069 0
-1325 -1070 0
-1326 -1071 0
-1327 -1072 0
-1328 -1073 0
-1329 -1074 0
-1330 -1075 0
-1331 -1076 0
-1332 -1077 0
-1333 -1078 0
-1334 -1079 0
-1335 -1080 0
-1321 -1096 0
-1322 -1097 0
-1323 -1098 0
-1324 -1099 0
-1325 -1100 0
-1326 -1101 0
-1327 -1102 0
-1328 -1103 0
-1329 -1104 0
-1330 -1105 0
-1331 -1106 0
-1332 -1107 0
-1333 -1108 0
-1334 -1109 0
-1335 -1110 0
-1321 -1156 0
-1322 -1157 0
-1323 -1158 0
-1324 -1159 0
-1325 -1160 0
-1326 -1161 0
-1327 -1162 0
-1328 -1163 0
-1329 -1164 0
-1330 -1165 0
-1331 -1166 0
-1332 -1167 0
-1333 -1168 0
-1334 -1169 0
-1335 -1170 0
-1321 -1231 0
-1322 -1232 0
-1323 -1233 0
-1324 -1234 0
-1325 -1235 0
-1326 -1236 0
-1327 -1237 0
-1328 -1238 0
-1329 -1239 0
-1330 -1240 0
-1331 -1241 0
-1332 -1242 0
-1333 -1243 0
-1334 -1244 0
-1335 -1245 0
-1321 -1261 0
-1322 -1262 0
-1323 -1263 0
-1324 -1264 0
-1325 -1265 0
-1326 -1266 0
-1327 -1267 0
-1328 -1268 0
-1329 -1269 0
-1330 -1270 0
-1331 -1271 0
-1332 -1272 0
-1333 -1273 0
-1334 -1274 0
-1335 -1275 0
-1336 -256 0
-1337 -257 0
-1338 -258 0
-1339 -259 0
-1340 -260 0
-1341 -261 0
-1342 -262 0
-1343 -263 0
-1344 -264 0
-1345 -265 0
-1346 -266 0
-1347 -267 0
-1348 -268 0
-1349 -269 0
-1350 -270 0
-1336 -511 0
-1337 -512 0
-1338 -513 0
-1339 -514 0
-1340 -515 0
-1341 -516 0
-1342 -517 0
-1343 -518 0
-1344 -519 0
-1345 -520 0
-1346 -521 0
-1347 -522 0
-1348 -523 0
-1349 -524 0
-1350 -525 0
-1336 -946 0
-1337 -947 0
-1338 -948 0
-1339 -949 0
-1340 -950 0
-1341 -951 0
-1342 -952 0
-1343 -953 0
-1344 -954 0
-1345 -955 0
-1346 -956 0
-1347 -957 0
-1348 -958 0
-1349 -959 0
-1350 -960 0
-1351 -91 0
-1352 -92 0
-1353 -93 0
-1354 -94 0
-1355 -95 0
-1356 -96 0
-1357 -97 0
-1358 -98 0
-1359 -99 0
-1360 -100 0
-1361 -101 0
-1362 -102 0
-1363 -103 0
-1364 -104 0
-1365 -105 0
-1351 -256 0
-1352 -257 0
-1353 -258 0
-1354 -259 0
-1355 -260 0
-1356 -261 0
-1357 -262 0
-1358 -263 0
-1359 -264 0
-1360 -265 0
-1361 -266 0
-1362 -267 0
-1363 -268 0
-1364 -269 0
-1365 -270 0
-1351 -526 0
-1352 -527 0
-1353 -528 0
-1354 -529 0
-1355 -530 0
-1356 -531 0
-1357 -532 0
-1358 -533 0
-1359 -534 0
-1360 -535 0
-1361 -536 0
-1362 -537 0
-1363 -538 0
-1364 -539 0
-1365 -540 0
-1351 -1096 0
-1352 -1097 0
-1353 -1098 0
-1354 -1099 0
-1355 -1100 0
-1356 -1101 0
-1357 -1102 0
-1358 -1103 0
-1359 -1104 0
-1360 -1105 0
-1361 -1106 0
-1362 -1107 0
-1363 -1108 0
-1364 -1109 0
-1365 -1110 0
-1351 -1201 0
-1352 -1202 0
-1353 -1203 0
-1354 -1204 0
-1355 -1205 0
-1356 -1206 0
-1357 -1207 0
-1358 -1208 0
-1359 -1209 0
-1360 -1210 0
-1361 -1211 0
-1362 -1212 0
-1363 -1213 0
-1364 -1214 0
-1365 -1215 0
-1366 -256 0
-1367 -257 0
-1368 -258 0
-1369 -259 0
-1370 -260 0
-1371 -261 0
-1372 -262 0
-1373 -263 0
-1374 -264 0
-1375 -265 0
-1376 -266 0
-1377 -267 0
-1378 -268 0
-1379 -269 0
-1380 -270 0
-1366 -286 0
-1367 -287 0
-1368 -288 0
-1369 -289 0
-1370 -290 0
-1371 -291 0
-1372 -292 0
-1373 -293 0
-1374 -294 0
-1375 -295 0
-1376 -296 0
-1377 -297 0
-1378 -298 0
-1379 -299 0
-1380 -300 0
-1366 -301 0
-1367 -302 0
-1368 -303 0
-1369 -304 0
-1370 -305 0
-1371 -306 0
-1372 -307 0
-1373 -308 0
-1374 -309 0
-1375 -310 0
-1376 -311 0
-1377 -312 0
-1378 -313 0
-1379 -314 0
-1380 -315 0
-1366 -811 0
-1367 -812 0
-1368 -813 0
-1369 -814 0
-1370 -815 0
-1371 -816 0
-1372 -817 0
-1373 -818 0
-1374 -819 0
-1375 -820 0
-1376 -821 0
-1377 -822 0
-1378 -823 0
-1379 -824 0
-1380 -825 0
-1366 -1096 0
-1367 -1097 0
-1368 -1098 0
-1369 -1099 0
-1370 -1100 0
-1371 -1101 0
-1372 -1102 0
-1373 -1103 0
-1374 -1104 0
-1375 -1105 0
-1376 -1106 0
-1377 -1107 0
-1378 -1108 0
-1379 -1109 0
-1380 -1110 0
-1366 -1156 0
-1367 -1157 0
-1368 -1158 0
-1369 -1159 0
-1370 -1160 0
-1371 -1161 0
-1372 -1162 0
-1373 -1163 0
-1374 -1164 0
-1375 -1165 0
-1376 -1166 0
-1377 -1167 0
-1378 -1168 0
-1379 -1169 0
-1380 -1170 0
-1381 -526 0
-1382 -527 0
-1383 -528 0
-1384 -529 0
-1385 -530 0
-1386 -531 0
-1387 -532 0
-1388 -533 0
-1389 -534 0
-1390 -535 0
-1391 -536 0
-1392 -537 0
-1393 -538 0
-1394 -539 0
-1395 -540 0
-1381 -1066 0
-1382 -1067 0
-1383 -1068 0
-1384 -1069 0
-1385 -1070 0
-1386 -1071 0
-1387 -1072 0
-1388 -1073 0
-1389 -1074 0
-1390 -1075 0
-1391 -1076 0
-1392 -1077 0
-1393 -1078 0
-1394 -1079 0
-1395 -1080 0
-1396 -496 0
-1397 -497 0
-1398 -498 0
-1399 -499 0
-1400 -500 0
-1401 -501 0
-1402 -502 0
-1403 -503 0
-1404 -504 0
-1405 -505 0
-1406 -506 0
-1407 -507 0
-1408 -508 0
-1409 -509 0
-1410 -510 0
-1396 -901 0
-1397 -902 0
-1398 -903 0
-1399 -904 0
-1400 -905 0
-1401 -906 0
-1402 -907 0
-1403 -908 0
-1404 -909 0
-1405 -910 0
-1406 -911 0
-1407 -912 0
-1408 -913 0
-1409 -914 0
-1410 -915 0
-1411 -136 0
-1412 -137 0
-1413 -138 0
-1414 -139 0
-1415 -140 0
-1416 -141 0
-1417 -142 0
-1418 -143 0
-1419 -144 0
-1420 -145 0
-1421 -146 0
-1422 -147 0
-1423 -148 0
-1424 -149 0
-1425 -150 0
-1411 -166 0
-1412 -167 0
-1413 -168 0
-1414 -169 0
-1415 -170 0
-1416 -171 0
-1417 -172 0
-1418 -173 0
-1419 -174 0
-1420 -175 0
-1421 -176 0
-1422 -177 0
-1423 -178 0
-1424 -179 0
-1425 -180 0
-1411 -256 0
-1412 -257 0
-1413 -258 0
-1414 -259 0
-1415 -260 0
-1416 -261 0
-1417 -262 0
-1418 -263 0
-1419 -264 0
-1420 -265 0
-1421 -266 0
-1422 -267 0
-1423 -268 0
-1424 -269 0
-1425 -270 0
-1411 -286 0
-1412 -287 0
-1413 -288 0
-1414 -289 0
-1415 -290 0
-1416 -291 0
-1417 -292 0
-1418 -293 0
-1419 -294 0
-1420 -295 0
-1421 -296 0
-1422 -297 0
-1423 -298 0
-1424 -299 0
-1425 -300 0
-1411 -316 0
-1412 -317 0
-1413 -318 0
-1414 -319 0
-1415 -320 0
-1416 -321 0
-1417 -322 0
-1418 -323 0
-1419 -324 0
-1420 -325 0
-1421 -326 0
-1422 -327 0
-1423 -328 0
-1424 -329 0
-1425 -330 0
-1411 -361 0
-1412 -362 0
-1413 -363 0
-1414 -364 0
-1415 -365 0
-1416 -366 0
-1417 -367 0
-1418 -368 0
-1419 -369 0
-1420 -370 0
-1421 -371 0
-1422 -372 0
-1423 -373 0
-1424 -374 0
-1425 -375 0
-1411 -376 0
-1412 -377 0
-1413 -378 0
-1414 -379 0
-1415 -380 0
-1416 -381 0
-1417 -382 0
-1418 -383 0
-1419 -384 0
-1420 -385 0
-1421 -386 0
-1422 -387 0
-1423 -388 0
-1424 -389 0
-1425 -390 0
-1411 -421 0
-1412 -422 0
-1413 -423 0
-1414 -424 0
-1415 -425 0
-1416 -426 0
-1417 -427 0
-1418 -428 0
-1419 -429 0
-1420 -430 0
-1421 -431 0
-1422 -432 0
-1423 -433 0
-1424 -434 0
-1425 -435 0
-1411 -436 0
-1412 -437 0
-1413 -438 0
-1414 -439 0
-1415 -440 0
-1416 -441 0
-1417 -442 0
-1418 -443 0
-1419 -444 0
-1420 -445 0
-1421 -446 0
-1422 -447 0
-1423 -448 0
-1424 -449 0
-1425 -450 0
-1411 -481 0
-1412 -482 0
-1413 -483 0
-1414 -484 0
-1415 -485 0
-1416 -486 0
-1417 -487 0
-1418 -488 0
-1419 -489 0
-1420 -490 0
-1421 -491 0
-1422 -492 0
-1423 -493 0
-1424 -494 0
-1425 -495 0
-1411 -496 0
-1412 -497 0
-1413 -498 0
-1414 -499 0
-1415 -500 0
-1416 -501 0
-1417 -502 0
-1418 -503 0
-1419 -504 0
-1420 -505 0
-1421 -506 0
-1422 -507 0
-1423 -508 0
-1424 -509 0
-1425 -510 0
-1411 -526 0
-1412 -527 0
-1413 -528 0
-1414 -529 0
-1415 -530 0
-1416 -531 0
-1417 -532 0
-1418 -533 0
-1419 -534 0
-1420 -535 0
-1421 -536 0
-1422 -537 0
-1423 -538 0
-1424 -539 0
-1425 -540 0
-1411 -541 0
-1412 -542 0
-1413 -543 0
-1414 -544 0
-1415 -545 0
-1416 -546 0
-1417 -547 0
-1418 -548 0
-1419 -549 0
-1420 -550 0
-1421 -551 0
-1422 -552 0
-1423 -553 0
-1424 -554 0
-1425 -555 0
-1411 -556 0
-1412 -557 0
-1413 -558 0
-1414 -559 0
-1415 -560 0
-1416 -561 0
-1417 -562 0
-1418 -563 0
-1419 -564 0
-1420 -565 0
-1421 -566 0
-1422 -567 0
-1423 -568 0
-1424 -569 0
-1425 -570 0
-1411 -661 0
-1412 -662 0
-1413 -663 0
-1414 -664 0
-1415 -665 0
-1416 -666 0
-1417 -667 0
-1418 -668 0
-1419 -669 0
-1420 -670 0
-1421 -671 0
-1422 -672 0
-1423 -673 0
-1424 -674 0
-1425 -675 0
-1411 -691 0
-1412 -692 0
-1413 -693 0
-1414 -694 0
-1415 -695 0
-1416 -696 0
-1417 -697 0
-1418 -698 0
-1419 -699 0
-1420 -700 0
-1421 -701 0
-1422 -702 0
-1423 -703 0
-1424 -704 0
-1425 -705 0
-1411 -751 0
-1412 -752 0
-1413 -753 0
-1414 -754 0
-1415 -755 0
-1416 -756 0
-1417 -757 0
-1418 -758 0
-1419 -759 0
-1420 -760 0
-1421 -761 0
-1422 -762 0
-1423 -763 0
-1424 -764 0
-1425 -765 0
-1411 -796 0
-1412 -797 0
-1413 -798 0
-1414 -799 0
-1415 -800 0
-1416 -801 0
-1417 -802 0
-1418 -803 0
-1419 -804 0
-1420 -805 0
-1421 -806 0
-1422 -807 0
-1423 -808 0
-1424 -809 0
-1425 -810 0
-1411 -901 0
-1412 -902 0
-1413 -903 0
-1414 -904 0
-1415 -905 0
-1416 -906 0
-1417 -907 0
-1418 -908 0
-1419 -909 0
-1420 -910 0
-1421 -911 0
-1422 -912 0
-1423 -913 0
-1424 -914 0
-1425 -915 0
-1411 -946 0
-1412 -947 0
-1413 -948 0
-1414 -949 0
-1415 -950 0
-1416 -951 0
-1417 -952 0
-1418 -953 0
-1419 -954 0
-1420 -955 0
-1421 -956 0
-1422 -957 0
-1423 -958 0
-1424 -959 0
-1425 -960 0
-1411 -961 0
-1412 -962 0
-1413 -963 0
-1414 -964 0
-1415 -965 0
-1416 -966 0
-1417 -967 0
-1418 -968 0
-1419 -969 0
-1420 -970 0
-1421 -971 0
-1422 -972 0
-1423 -973 0
-1424 -974 0
-1425 -975 0
-1411 -1036 0
-1412 -1037 0
-1413 -1038 0
-1414 -1039 0
-1415 -1040 0
-1416 -1041 0
-1417 -1042 0
-1418 -1043 0
-1419 -1044 0
-1420 -1045 0
-1421 -1046 0
-1422 -1047 0
-1423 -1048 0
-1424 -1049 0
-1425 -1050 0
-1411 -1066 0
-1412 -1067 0
-1413 -1068 0
-1414 -1069 0
-1415 -1070 0
-1416 -1071 0
-1417 -1072 0
-1418 -1073 0
-1419 -1074 0
-1420 -1075 0
-1421 -1076 0
-1422 -1077 0
-1423 -1078 0
-1424 -1079 0
-1425 -1080 0
-1411 -1096 0
-1412 -1097 0
-1413 -1098 0
-1414 -1099 0
-1415 -1100 0
-1416 -1101 0
-1417 -1102 0
-1418 -1103 0
-1419 -1104 0
-1420 -1105 0
-1421 -1106 0
-1422 -1107 0
-1423 -1108 0
-1424 -1109 0
-1425 -1110 0
-1411 -1126 0
-1412 -1127 0
-1413 -1128 0
-1414 -1129 0
-1415 -1130 0
-1416 -1131 0
-1417 -1132 0
-1418 -1133 0
-1419 -1134 0
-1420 -1135 0
-1421 -1136 0
-1422 -1137 0
-1423 -1138 0
-1424 -1139 0
-1425 -1140 0
-1411 -1141 0
-1412 -1142 0
-1413 -1143 0
-1414 -1144 0
-1415 -1145 0
-1416 -1146 0
-1417 -1147 0
-1418 -1148 0
-1419 -1149 0
-1420 -1150 0
-1421 -1151 0
-1422 -1152 0
-1423 -1153 0
-1424 -1154 0
-1425 -1155 0
-1411 -1171 0
-1412 -1172 0
-1413 -1173 0
-1414 -1174 0
-1415 -1175 0
-1416 -1176 0
-1417 -1177 0
-1418 -1178 0
-1419 -1179 0
-1420 -1180 0
-1421 -1181 0
-1422 -1182 0
-1423 -1183 0
-1424 -1184 0
-1425 -1185 0
-1411 -1216 0
-1412 -1217 0
-1413 -1218 0
-1414 -1219 0
-1415 -1220 0
-1416 -1221 0
-1417 -1222 0
-1418 -1223 0
-1419 -1224 0
-1420 -1225 0
-1421 -1226 0
-1422 -1227 0
-1423 -1228 0
-1424 -1229 0
-1425 -1230 0
-1411 -1381 0
-1412 -1382 0
-1413 -1383 0
-1414 -1384 0
-1415 -1385 0
-1416 -1386 0
-1417 -1387 0
-1418 -1388 0
-1419 -1389 0
-1420 -1390 0
-1421 -1391 0
-1422 -1392 0
-1423 -1393 0
-1424 -1394 0
-1425 -1395 0
-1411 -1396 0
-1412 -1397 0
-1413 -1398 0
-1414 -1399 0
-1415 -1400 0
-1416 -1401 0
-1417 -1402 0
-1418 -1403 0
-1419 -1404 0
-1420 -1405 0
-1421 -1406 0
-1422 -1407 0
-1423 -1408 0
-1424 -1409 0
-1425 -1410 0
-1426 -256 0
-1427 -257 0
-1428 -258 0
-1429 -259 0
-1430 -260 0
-1431 -261 0
-1432 -262 0
-1433 -263 0
-1434 -264 0
-1435 -265 0
-1436 -266 0
-1437 -267 0
-1438 -268 0
-1439 -269 0
-1440 -270 0
-1426 -736 0
-1427 -737 0
-1428 -738 0
-1429 -739 0
-1430 -740 0
-1431 -741 0
-1432 -742 0
-1433 -743 0
-1434 -744 0
-1435 -745 0
-1436 -746 0
-1437 -747 0
-1438 -748 0
-1439 -749 0
-1440 -750 0
-1441 -1381 0
-1442 -1382 0
-1443 -1383 0
-1444 -1384 0
-1445 -1385 0
-1446 -1386 0
-1447 -1387 0
-1448 -1388 0
-1449 -1389 0
-1450 -1390 0
-1451 -1391 0
-1452 -1392 0
-1453 -1393 0
-1454 -1394 0
-1455 -1395 0
-1441 -1411 0
-1442 -1412 0
-1443 -1413 0
-1444 -1414 0
-1445 -1415 0
-1446 -1416 0
-1447 -1417 0
-1448 -1418 0
-1449 -1419 0
-1450 -1420 0
-1451 -1421 0
-1452 -1422 0
-1453 -1423 0
-1454 -1424 0
-1455 -1425 0
-1456 -136 0
-1457 -137 0
-1458 -138 0
-1459 -139 0
-1460 -140 0
-1461 -141 0
-1462 -142 0
-1463 -143 0
-1464 -144 0
-1465 -145 0
-1466 -146 0
-1467 -147 0
-1468 -148 0
-1469 -149 0
-1470 -150 0
-1456 -1411 0
-1457 -1412 0
-1458 -1413 0
-1459 -1414 0
-1460 -1415 0
-1461 -1416 0
-1462 -1417 0
-1463 -1418 0
-1464 -1419 0
-1465 -1420 0
-1466 -1421 0
-1467 -1422 0
-1468 -1423 0
-1469 -1424 0
-1470 -1425 0
-1471 -91 0
-1472 -92 0
-1473 -93 0
-1474 -94 0
-1475 -95 0
-1476 -96 0
-1477 -97 0
-1478 -98 0
-1479 -99 0
-1480 -100 0
-1481 -101 0
-1482 -102 0
-1483 -103 0
-1484 -104 0
-1485 -105 0
-1471 -256 0
-1472 -257 0
-1473 -258 0
-1474 -259 0
-1475 -260 0
-1476 -261 0
-1477 -262 0
-1478 -263 0
-1479 -264 0
-1480 -265 0
-1481 -266 0
-1482 -267 0
-1483 -268 0
-1484 -269 0
-1485 -270 0
-1471 -526 0
-1472 -527 0
-1473 -528 0
-1474 -529 0
-1475 -530 0
-1476 -531 0
-1477 -532 0
-1478 -533 0
-1479 -534 0
-1480 -535 0
-1481 -536 0
-1482 -537 0
-1483 -538 0
-1484 -539 0
-1485 -540 0
-1471 -751 0
-1472 -752 0
-1473 -753 0
-1474 -754 0
-1475 -755 0
-1476 -756 0
-1477 -757 0
-1478 -758 0
-1479 -759 0
-1480 -760 0
-1481 -761 0
-1482 -762 0
-1483 -763 0
-1484 -764 0
-1485 -765 0
-1471 -1096 0
-1472 -1097 0
-1473 -1098 0
-1474 -1099 0
-1475 -1100 0
-1476 -1101 0
-1477 -1102 0
-1478 -1103 0
-1479 -1104 0
-1480 -1105 0
-1481 -1106 0
-1482 -1107 0
-1483 -1108 0
-1484 -1109 0
-1485 -1110 0
-1471 -1126 0
-1472 -1127 0
-1473 -1128 0
-1474 -1129 0
-1475 -1130 0
-1476 -1131 0
-1477 -1132 0
-1478 -1133 0
-1479 -1134 0
-1480 -1135 0
-1481 -1136 0
-1482 -1137 0
-1483 -1138 0
-1484 -1139 0
-1485 -1140 0
-1471 -1156 0
-1472 -1157 0
-1473 -1158 0
-1474 -1159 0
-1475 -1160 0
-1476 -1161 0
-1477 -1162 0
-1478 -1163 0
-1479 -1164 0
-1480 -1165 0
-1481 -1166 0
-1482 -1167 0
-1483 -1168 0
-1484 -1169 0
-1485 -1170 0
-1471 -1201 0
-1472 -1202 0
-1473 -1203 0
-1474 -1204 0
-1475 -1205 0
-1476 -1206 0
-1477 -1207 0
-1478 -1208 0
-1479 -1209 0
-1480 -1210 0
-1481 -1211 0
-1482 -1212 0
-1483 -1213 0
-1484 -1214 0
-1485 -1215 0
-1471 -1351 0
-1472 -1352 0
-1473 -1353 0
-1474 -1354 0
-1475 -1355 0
-1476 -1356 0
-1477 -1357 0
-1478 -1358 0
-1479 -1359 0
-1480 -1360 0
-1481 -1361 0
-1482 -1362 0
-1483 -1363 0
-1484 -1364 0
-1485 -1365 0
-1471 -1411 0
-1472 -1412 0
-1473 -1413 0
-1474 -1414 0
-1475 -1415 0
-1476 -1416 0
-1477 -1417 0
-1478 -1418 0
-1479 -1419 0
-1480 -1420 0
-1481 -1421 0
-1482 -1422 0
-1483 -1423 0
-1484 -1424 0
-1485 -1425 0
-1486 -256 0
-1487 -257 0
-1488 -258 0
-1489 -259 0
-1490 -260 0
-1491 -261 0
-1492 -262 0
-1493 -263 0
-1494 -264 0
-1495 -265 0
-1496 -266 0
-1497 -267 0
-1498 -268 0
-1499 -269 0
-1500 -270 0
-1486 -481 0
-1487 -482 0
-1488 -483 0
-1489 -484 0
-1490 -485 0
-1491 -486 0
-1492 -487 0
-1493 -488 0
-1494 -489 0
-1495 -490 0
-1496 -491 0
-1497 -492 0
-1498 -493 0
-1499 -494 0
-1500 -495 0
-1486 -496 0
-1487 -497 0
-1488 -498 0
-1489 -499 0
-1490 -500 0
-1491 -501 0
-1492 -502 0
-1493 -503 0
-1494 -504 0
-1495 -505 0
-1496 -506 0
-1497 -507 0
-1498 -508 0
-1499 -509 0
-1500 -510 0
-1486 -526 0
-1487 -527 0
-1488 -528 0
-1489 -529 0
-1490 -530 0
-1491 -531 0
-1492 -532 0
-1493 -533 0
-1494 -534 0
-1495 -535 0
-1496 -536 0
-1497 -537 0
-1498 -538 0
-1499 -539 0
-1500 -540 0
-1486 -751 0
-1487 -752 0
-1488 -753 0
-1489 -754 0
-1490 -755 0
-1491 -756 0
-1492 -757 0
-1493 -758 0
-1494 -759 0
-1495 -760 0
-1496 -761 0
-1497 -762 0
-1498 -763 0
-1499 -764 0
-1500 -765 0
-1486 -796 0
-1487 -797 0
-1488 -798 0
-1489 -799 0
-1490 -800 0
-1491 -801 0
-1492 -802 0
-1493 -803 0
-1494 -804 0
-1495 -805 0
-1496 -806 0
-1497 -807 0
-1498 -808 0
-1499 -809 0
-1500 -810 0
-1486 -901 0
-1487 -902 0
-1488 -903 0
-1489 -904 0
-1490 -905 0
-1491 -906 0
-1492 -907 0
-1493 -908 0
-1494 -909 0
-1495 -910 0
-1496 -911 0
-1497 -912 0
-1498 -913 0
-1499 -914 0
-1500 -915 0
-1486 -1066 0
-1487 -1067 0
-1488 -1068 0
-1489 -1069 0
-1490 -1070 0
-1491 -1071 0
-1492 -1072 0
-1493 -1073 0
-1494 -1074 0
-1495 -1075 0
-1496 -1076 0
-1497 -1077 0
-1498 -1078 0
-1499 -1079 0
-1500 -1080 0
-1486 -1126 0
-1487 -1127 0
-1488 -1128 0
-1489 -1129 0
-1490 -1130 0
-1491 -1131 0
-1492 -1132 0
-1493 -1133 0
-1494 -1134 0
-1495 -1135 0
-1496 -1136 0
-1497 -1137 0
-1498 -1138 0
-1499 -1139 0
-1500 -1140 0
-1486 -1396 0
-1487 -1397 0
-1488 -1398 0
-1489 -1399 0
-1490 -1400 0
-1491 -1401 0
-1492 -1402 0
-1493 -1403 0
-1494 -1404 0
-1495 -1405 0
-1496 -1406 0
-1497 -1407 0
-1498 -1408 0
-1499 -1409 0
-1500 -1410 0
-1486 -1411 0
-1487 -1412 0
-1488 -1413 0
-1489 -1414 0
-1490 -1415 0
-1491 -1416 0
-1492 -1417 0
-1493 -1418 0
-1494 -1419 0
-1495 -1420 0
-1496 -1421 0
-1497 -1422 0
-1498 -1423 0
-1499 -1424 0
-1500 -1425 0
-1486 -1471 0
-1487 -1472 0
-1488 -1473 0
-1489 -1474 0
-1490 -1475 0
-1491 -1476 0
-1492 -1477 0
-1493 -1478 0
-1494 -1479 0
-1495 -1480 0
-1496 -1481 0
-1497 -1482 0
-1498 -1483 0
-1499 -1484 0
-1500 -1485 0
-1501 -466 0
-1502 -467 0
-1503 -468 0
-1504 -469 0
-1505 -470 0
-1506 -471 0
-1507 -472 0
-1508 -473 0
-1509 -474 0
-1510 -475 0
-1511 -476 0
-1512 -477 0
-1513 -478 0
-1514 -479 0
-1515 -480 0
-1501 -841 0
-1502 -842 0
-1503 -843 0
-1504 -844 0
-1505 -845 0
-1506 -846 0
-1507 -847 0
-1508 -848 0
-1509 -849 0
-1510 -850 0
-1511 -851 0
-1512 -852 0
-1513 -853 0
-1514 -854 0
-1515 -855 0
-1501 -1036 0
-1502 -1037 0
-1503 -1038 0
-1504 -1039 0
-1505 -1040 0
-1506 -1041 0
-1507 -1042 0
-1508 -1043 0
-1509 -1044 0
-1510 -1045 0
-1511 -1046 0
-1512 -1047 0
-1513 -1048 0
-1514 -1049 0
-1515 -1050 0
-1501 -1066 0
-1502 -1067 0
-1503 -1068 0
-1504 -1069 0
-1505 -1070 0
-1506 -1071 0
-1507 -1072 0
-1508 -1073 0
-1509 -1074 0
-1510 -1075 0
-1511 -1076 0
-1512 -1077 0
-1513 -1078 0
-1514 -1079 0
-1515 -1080 0
-1501 -1081 0
-1502 -1082 0
-1503 -1083 0
-1504 -1084 0
-1505 -1085 0
-1506 -1086 0
-1507 -1087 0
-1508 -1088 0
-1509 -1089 0
-1510 -1090 0
-1511 -1091 0
-1512 -1092 0
-1513 -1093 0
-1514 -1094 0
-1515 -1095 0
-1501 -1141 0
-1502 -1142 0
-1503 -1143 0
-1504 -1144 0
-1505 -1145 0
-1506 -1146 0
-1507 -1147 0
-1508 -1148 0
-1509 -1149 0
-1510 -1150 0
-1511 -1151 0
-1512 -1152 0
-1513 -1153 0
-1514 -1154 0
-1515 -1155 0
-1516 -1066 0
-1517 -1067 0
-1518 -1068 0
-1519 -1069 0
-1520 -1070 0
-1521 -1071 0
-1522 -1072 0
-1523 -1073 0
-1524 -1074 0
-1525 -1075 0
-1526 -1076 0
-1527 -1077 0
-1528 -1078 0
-1529 -1079 0
-1530 -1080 0
-1516 -1246 0
-1517 -1247 0
-1518 -1248 0
-1519 -1249 0
-1520 -1250 0
-1521 -1251 0
-1522 -1252 0
-1523 -1253 0
-1524 -1254 0
-1525 -1255 0
-1526 -1256 0
-1527 -1257 0
-1528 -1258 0
-1529 -1259 0
-1530 -1260 0
-1531 -181 0
-1532 -182 0
-1533 -183 0
-1534 -184 0
-1535 -185 0
-1536 -186 0
-1537 -187 0
-1538 -188 0
-1539 -189 0
-1540 -190 0
-1541 -191 0
-1542 -192 0
-1543 -193 0
-1544 -194 0
-1545 -195 0
-1531 -256 0
-1532 -257 0
-1533 -258 0
-1534 -259 0
-1535 -260 0
-1536 -261 0
-1537 -262 0
-1538 -263 0
-1539 -264 0
-1540 -265 0
-1541 -266 0
-1542 -267 0
-1543 -268 0
-1544 -269 0
-1545 -270 0
-1531 -526 0
-1532 -527 0
-1533 -528 0
-1534 -529 0
-1535 -530 0
-1536 -531 0
-1537 -532 0
-1538 -533 0
-1539 -534 0
-1540 -535 0
-1541 -536 0
-1542 -537 0
-1543 -538 0
-1544 -539 0
-1545 -540 0
-1546 -166 0
-1547 -167 0
-1548 -168 0
-1549 -169 0
-1550 -170 0
-1551 -171 0
-1552 -172 0
-1553 -173 0
-1554 -174 0
-1555 -175 0
-1556 -176 0
-1557 -177 0
-1558 -178 0
-1559 -179 0
-1560 -180 0
-1546 -901 0
-1547 -902 0
-1548 -903 0
-1549 -904 0
-1550 -905 0
-1551 -906 0
-1552 -907 0
-1553 -908 0
-1554 -909 0
-1555 -910 0
-1556 -911 0
-1557 -912 0
-1558 -913 0
-1559 -914 0
-1560 -915 0
-1546 -1411 0
-1547 -1412 0
-1548 -1413 0
-1549 -1414 0
-1550 -1415 0
-1551 -1416 0
-1552 -1417 0
-1553 -1418 0
-1554 -1419 0
-1555 -1420 0
-1556 -1421 0
-1557 -1422 0
-1558 -1423 0
-1559 -1424 0
-1560 -1425 0
-1561 -256 0
-1562 -257 0
-1563 -258 0
-1564 -259 0
-1565 -260 0
-1566 -261 0
-1567 -262 0
-1568 -263 0
-1569 -264 0
-1570 -265 0
-1571 -266 0
-1572 -267 0
-1573 -268 0
-1574 -269 0
-1575 -270 0
-1561 -1096 0
-1562 -1097 0
-1563 -1098 0
-1564 -1099 0
-1565 -1100 0
-1566 -1101 0
-1567 -1102 0
-1568 -1103 0
-1569 -1104 0
-1570 -1105 0
-1571 -1106 0
-1572 -1107 0
-1573 -1108 0
-1574 -1109 0
-1575 -1110 0
-1576 -526 0
-1577 -527 0
-1578 -528 0
-1579 -529 0
-1580 -530 0
-1581 -531 0
-1582 -532 0
-1583 -533 0
-1584 -534 0
-1585 -535 0
-1586 -536 0
-1587 -537 0
-1588 -538 0
-1589 -539 0
-1590 -540 0
-1576 -766 0
-1577 -767 0
-1578 -768 0
-1579 -769 0
-1580 -770 0
-1581 -771 0
-1582 -772 0
-1583 -773 0
-1584 -774 0
-1585 -775 0
-1586 -776 0
-1587 -777 0
-1588 -778 0
-1589 -779 0
-1590 -780 0
-1576 -1066 0
-1577 -1067 0
-1578 -1068 0
-1579 -1069 0
-1580 -1070 0
-1581 -1071 0
-1582 -1072 0
-1583 -1073 0
-1584 -1074 0
-1585 -1075 0
-1586 -1076 0
-1587 -1077 0
-1588 -1078 0
-1589 -1079 0
-1590 -1080 0
-1576 -1411 0
-1577 -1412 0
-1578 -1413 0
-1579 -1414 0
-1580 -1415 0
-1581 -1416 0
-1582 -1417 0
-1583 -1418 0
-1584 -1419 0
-1585 -1420 0
-1586 -1421 0
-1587 -1422 0
-1588 -1423 0
-1589 -1424 0
-1590 -1425 0
-1591 -256 0
-1592 -257 0
-1593 -258 0
-1594 -259 0
-1595 -260 0
-1596 -261 0
-1597 -262 0
-1598 -263 0
-1599 -264 0
-1600 -265 0
-1601 -266 0
-1602 -267 0
-1603 -268 0
-1604 -269 0
-1605 -270 0
-1606 -256 0
-1607 -257 0
-1608 -258 0
-1609 -259 0
-1610 -260 0
-1611 -261 0
-1612 -262 0
-1613 -263 0
-1614 -264 0
-1615 -265 0
-1616 -266 0
-1617 -267 0
-1618 -268 0
-1619 -269 0
-1620 -270 0
-1606 -526 0
-1607 -527 0
-1608 -528 0
-1609 -529 0
-1610 -530 0
-1611 -531 0
-1612 -532 0
-1613 -533 0
-1614 -534 0
-1615 -535 0
-1616 -536 0
-1617 -537 0
-1618 -538 0
-1619 -539 0
-1620 -540 0
-1606 -1066 0
-1607 -1067 0
-1608 -1068 0
-1609 -1069 0
-1610 -1070 0
-1611 -1071 0
-1612 -1072 0
-1613 -1073 0
-1614 -1074 0
-1615 -1075 0
-1616 -1076 0
-1617 -1077 0
-1618 -1078 0
-1619 -1079 0
-1620 -1080 0
-1606 -1096 0
-1607 -1097 0
-1608 -1098 0
-1609 -1099 0
-1610 -1100 0
-1611 -1101 0
-1612 -1102 0
-1613 -1103 0
-1614 -1104 0
-1615 -1105 0
-1616 -1106 0
-1617 -1107 0
-1618 -1108 0
-1619 -1109 0
-1620 -1110 0
-1606 -1261 0
-1607 -1262 0
-1608 -1263 0
-1609 -1264 0
-1610 -1265 0
-1611 -1266 0
-1612 -1267 0
-1613 -1268 0
-1614 -1269 0
-1615 -1270 0
-1616 -1271 0
-1617 -1272 0
-1618 -1273 0
-1619 -1274 0
-1620 -1275 0
-1606 -1321 0
-1607 -1322 0
-1608 -1323 0
-1609 -1324 0
-1610 -1325 0
-1611 -1326 0
-1612 -1327 0
-1613 -1328 0
-1614 -1329 0
-1615 -1330 0
-1616 -1331 0
-1617 -1332 0
-1618 -1333 0
-1619 -1334 0
-1620 -1335 0
-1606 -1411 0
-1607 -1412 0
-1608 -1413 0
-1609 -1414 0
-1610 -1415 0
-1611 -1416 0
-1612 -1417 0
-1613 -1418 0
-1614 -1419 0
-1615 -1420 0
-1616 -1421 0
-1617 -1422 0
-1618 -1423 0
-1619 -1424 0
-1620 -1425 0
-1606 -1576 0
-1607 -1577 0
-1608 -1578 0
-1609 -1579 0
-1610 -1580 0
-1611 -1581 0
-1612 -1582 0
-1613 -1583 0
-1614 -1584 0
-1615 -1585 0
-1616 -1586 0
-1617 -1587 0
-1618 -1588 0
-1619 -1589 0
-1620 -1590 0
-1621 -1066 0
-1622 -1067 0
-1623 -1068 0
-1624 -1069 0
-1625 -1070 0
-1626 -1071 0
-1627 -1072 0
-1628 -1073 0
-1629 -1074 0
-1630 -1075 0
-1631 -1076 0
-1632 -1077 0
-1633 -1078 0
-1634 -1079 0
-1635 -1080 0
-1621 -1411 0
-1622 -1412 0
-1623 -1413 0
-1624 -1414 0
-1625 -1415 0
-1626 -1416 0
-1627 -1417 0
-1628 -1418 0
-1629 -1419 0
-1630 -1420 0
-1631 -1421 0
-1632 -1422 0
-1633 -1423 0
-1634 -1424 0
-1635 -1425 0
-1636 -1066 0
-1637 -1067 0
-1638 -1068 0
-1639 -1069 0
-1640 -1070 0
-1641 -1071 0
-1642 -1072 0
-1643 -1073 0
-1644 -1074 0
-1645 -1075 0
-1646 -1076 0
-1647 -1077 0
-1648 -1078 0
-1649 -1079 0
-1650 -1080 0
-1636 -1411 0
-1637 -1412 0
-1638 -1413 0
-1639 -1414 0
-1640 -1415 0
-1641 -1416 0
-1642 -1417 0
-1643 -1418 0
-1644 -1419 0
-1645 -1420 0
-1646 -1421 0
-1647 -1422 0
-1648 -1423 0
-1649 -1424 0
-1650 -1425 0
-1636 -1486 0
-1637 -1487 0
-1638 -1488 0
-1639 -1489 0
-1640 -1490 0
-1641 -1491 0
-1642 -1492 0
-1643 -1493 0
-1644 -1494 0
-1645 -1495 0
-1646 -1496 0
-1647 -1497 0
-1648 -1498 0
-1649 -1499 0
-1650 -1500 0
-1651 -1066 0
-1652 -1067 0
-1653 -1068 0
-1654 -1069 0
-1655 -1070 0
-1656 -1071 0
-1657 -1072 0
-1658 -1073 0
-1659 -1074 0
-1660 -1075 0
-1661 -1076 0
-1662 -1077 0
-1663 -1078 0
-1664 -1079 0
-1665 -1080 0
-1666 -1066 0
-1667 -1067 0
-1668 -1068 0
-1669 -1069 0
-1670 -1070 0
-1671 -1071 0
-1672 -1072 0
-1673 -1073 0
-1674 -1074 0
-1675 -1075 0
-1676 -1076 0
-1677 -1077 0
-1678 -1078 0
-1679 -1079 0
-1680 -1080 0
-1681 -256 0
-1682 -257 0
-1683 -258 0
-1684 -259 0
-1685 -260 0
-1686 -261 0
-1687 -262 0
-1688 -263 0
-1689 -264 0
-1690 -265 0
-1691 -266 0
-1692 -267 0
-1693 -268 0
-1694 -269 0
-1695 -270 0
-1696 -256 0
-1697 -257 0
-1698 -258 0
-1699 -259 0
-1700 -260 0
-1701 -261 0
-1702 -262 0
-1703 -263 0
-1704 -264 0
-1705 -265 0
-1706 -266 0
-1707 -267 0
-1708 -268 0
-1709 -269 0
-1710 -270 0
-1711 -526 0
-1712 -527 0
-1713 -528 0
-1714 -529 0
-1715 -530 0
-1716 -531 0
-1717 -532 0
-1718 -533 0
-1719 -534 0
-1720 -535 0
-1721 -536 0
-1722 -537 0
-1723 -538 0
-1724 -539 0
-1725 -540 0
-1711 -661 0
-1712 -662 0
-1713 -663 0
-1714 -664 0
-1715 -665 0
-1716 -666 0
-1717 -667 0
-1718 -668 0
-1719 -669 0
-1720 -670 0
-1721 -671 0
-1722 -672 0
-1723 -673 0
-1724 -674 0
-1725 -675 0
-1711 -1381 0
-1712 -1382 0
-1713 -1383 0
-1714 -1384 0
-1715 -1385 0
-1716 -1386 0
-1717 -1387 0
-1718 -1388 0
-1719 -1389 0
-1720 -1390 0
-1721 -1391 0
-1722 -1392 0
-1723 -1393 0
-1724 -1394 0
-1725 -1395 0
-1711 -1411 0
-1712 -1412 0
-1713 -1413 0
-1714 -1414 0
-1715 -1415 0
-1716 -1416 0
-1717 -1417 0
-1718 -1418 0
-1719 -1419 0
-1720 -1420 0
-1721 -1421 0
-1722 -1422 0
-1723 -1423 0
-1724 -1424 0
-1725 -1425 0
-1711 -1441 0
-1712 -1442 0
-1713 -1443 0
-1714 -1444 0
-1715 -1445 0
-1716 -1446 0
-1717 -1447 0
-1718 -1448 0
-1719 -1449 0
-1720 -1450 0
-1721 -1451 0
-1722 -1452 0
-1723 -1453 0
-1724 -1454 0
-1725 -1455 0
-1726 -91 0
-1727 -92 0
-1728 -93 0
-1729 -94 0
-1730 -95 0
-1731 -96 0
-1732 -97 0
-1733 -98 0
-1734 -99 0
-1735 -100 0
-1736 -101 0
-1737 -102 0
-1738 -103 0
-1739 -104 0
-1740 -105 0
-1726 -256 0
-1727 -257 0
-1728 -258 0
-1729 -259 0
-1730 -260 0
-1731 -261 0
-1732 -262 0
-1733 -263 0
-1734 -264 0
-1735 -265 0
-1736 -266 0
-1737 -267 0
-1738 -268 0
-1739 -269 0
-1740 -270 0
-1726 -346 0
-1727 -347 0
-1728 -348 0
-1729 -349 0
-1730 -350 0
-1731 -351 0
-1732 -352 0
-1733 -353 0
-1734 -354 0
-1735 -355 0
-1736 -356 0
-1737 -357 0
-1738 -358 0
-1739 -359 0
-1740 -360 0
-1726 -526 0
-1727 -527 0
-1728 -528 0
-1729 -529 0
-1730 -530 0
-1731 -531 0
-1732 -532 0
-1733 -533 0
-1734 -534 0
-1735 -535 0
-1736 -536 0
-1737 -537 0
-1738 -538 0
-1739 -539 0
-1740 -540 0
-1726 -541 0
-1727 -542 0
-1728 -543 0
-1729 -544 0
-1730 -545 0
-1731 -546 0
-1732 -547 0
-1733 -548 0
-1734 -549 0
-1735 -550 0
-1736 -551 0
-1737 -552 0
-1738 -553 0
-1739 -554 0
-1740 -555 0
-1726 -721 0
-1727 -722 0
-1728 -723 0
-1729 -724 0
-1730 -725 0
-1731 -726 0
-1732 -727 0
-1733 -728 0
-1734 -729 0
-1735 -730 0
-1736 -731 0
-1737 -732 0
-1738 -733 0
-1739 -734 0
-1740 -735 0
-1726 -766 0
-1727 -767 0
-1728 -768 0
-1729 -769 0
-1730 -770 0
-1731 -771 0
-1732 -772 0
-1733 -773 0
-1734 -774 0
-1735 -775 0
-1736 -776 0
-1737 -777 0
-1738 -778 0
-1739 -779 0
-1740 -780 0
-1726 -1036 0
-1727 -1037 0
-1728 -1038 0
-1729 -1039 0
-1730 -1040 0
-1731 -1041 0
-1732 -1042 0
-1733 -1043 0
-1734 -1044 0
-1735 -1045 0
-1736 -1046 0
-1737 -1047 0
-1738 -1048 0
-1739 -1049 0
-1740 -1050 0
-1726 -1066 0
-1727 -1067 0
-1728 -1068 0
-1729 -1069 0
-1730 -1070 0
-1731 -1071 0
-1732 -1072 0
-1733 -1073 0
-1734 -1074 0
-1735 -1075 0
-1736 -1076 0
-1737 -1077 0
-1738 -1078 0
-1739 -1079 0
-1740 -1080 0
-1726 -1096 0
-1727 -1097 0
-1728 -1098 0
-1729 -1099 0
-1730 -1100 0
-1731 -1101 0
-1732 -1102 0
-1733 -1103 0
-1734 -1104 0
-1735 -1105 0
-1736 -1106 0
-1737 -1107 0
-1738 -1108 0
-1739 -1109 0
-1740 -1110 0
-1726 -1141 0
-1727 -1142 0
-1728 -1143 0
-1729 -1144 0
-1730 -1145 0
-1731 -1146 0
-1732 -1147 0
-1733 -1148 0
-1734 -1149 0
-1735 -1150 0
-1736 -1151 0
-1737 -1152 0
-1738 -1153 0
-1739 -1154 0
-1740 -1155 0
-1726 -1201 0
-1727 -1202 0
-1728 -1203 0
-1729 -1204 0
-1730 -1205 0
-1731 -1206 0
-1732 -1207 0
-1733 -1208 0
-1734 -1209 0
-1735 -1210 0
-1736 -1211 0
-1737 -1212 0
-1738 -1213 0
-1739 -1214 0
-1740 -1215 0
-1726 -1351 0
-1727 -1352 0
-1728 -1353 0
-1729 -1354 0
-1730 -1355 0
-1731 -1356 0
-1732 -1357 0
-1733 -1358 0
-1734 -1359 0
-1735 -1360 0
-1736 -1361 0
-1737 -1362 0
-1738 -1363 0
-1739 -1364 0
-1740 -1365 0
-1726 -1411 0
-1727 -1412 0
-1728 -1413 0
-1729 -1414 0
-1730 -1415 0
-1731 -1416 0
-1732 -1417 0
-1733 -1418 0
-1734 -1419 0
-1735 -1420 0
-1736 -1421 0
-1737 -1422 0
-1738 -1423 0
-1739 -1424 0
-1740 -1425 0
-1726 -1471 0
-1727 -1472 0
-1728 -1473 0
-1729 -1474 0
-1730 -1475 0
-1731 -1476 0
-1732 -1477 0
-1733 -1478 0
-1734 -1479 0
-1735 -1480 0
-1736 -1481 0
-1737 -1482 0
-1738 -1483 0
-1739 -1484 0
-1740 -1485 0
-1726 -1576 0
-1727 -1577 0
-1728 -1578 0
-1729 -1579 0
-1730 -1580 0
-1731 -1581 0
-1732 -1582 0
-1733 -1583 0
-1734 -1584 0
-1735 -1585 0
-1736 -1586 0
-1737 -1587 0
-1738 -1588 0
-1739 -1589 0
-1740 -1590 0
-1726 -1621 0
-1727 -1622 0
-1728 -1623 0
-1729 -1624 0
-1730 -1625 0
-1731 -1626 0
-1732 -1627 0
-1733 -1628 0
-1734 -1629 0
-1735 -1630 0
-1736 -1631 0
-1737 -1632 0
-1738 -1633 0
-1739 -1634 0
-1740 -1635 0
-1726 -1666 0
-1727 -1667 0
-1728 -1668 0
-1729 -1669 0
-1730 -1670 0
-1731 -1671 0
-1732 -1672 0
-1733 -1673 0
-1734 -1674 0
-1735 -1675 0
-1736 -1676 0
-1737 -1677 0
-1738 -1678 0
-1739 -1679 0
-1740 -1680 0
-1741 -886 0
-1742 -887 0
-1743 -888 0
-1744 -889 0
-1745 -890 0
-1746 -891 0
-1747 -892 0
-1748 -893 0
-1749 -894 0
-1750 -895 0
-1751 -896 0
-1752 -897 0
-1753 -898 0
-1754 -899 0
-1755 -900 0
-1741 -1096 0
-1742 -1097 0
-1743 -1098 0
-1744 -1099 0
-1745 -1100 0
-1746 -1101 0
-1747 -1102 0
-1748 -1103 0
-1749 -1104 0
-1750 -1105 0
-1751 -1106 0
-1752 -1107 0
-1753 -1108 0
-1754 -1109 0
-1755 -1110 0
-1756 -91 0
-1757 -92 0
-1758 -93 0
-1759 -94 0
-1760 -95 0
-1761 -96 0
-1762 -97 0
-1763 -98 0
-1764 -99 0
-1765 -100 0
-1766 -101 0
-1767 -102 0
-1768 -103 0
-1769 -104 0
-1770 -105 0
-1756 -256 0
-1757 -257 0
-1758 -258 0
-1759 -259 0
-1760 -260 0
-1761 -261 0
-1762 -262 0
-1763 -263 0
-1764 -264 0
-1765 -265 0
-1766 -266 0
-1767 -267 0
-1768 -268 0
-1769 -269 0
-1770 -270 0
-1756 -526 0
-1757 -527 0
-1758 -528 0
-1759 -529 0
-1760 -530 0
-1761 -531 0
-1762 -532 0
-1763 -533 0
-1764 -534 0
-1765 -535 0
-1766 -536 0
-1767 -537 0
-1768 -538 0
-1769 -539 0
-1770 -540 0
-1756 -781 0
-1757 -782 0
-1758 -783 0
-1759 -784 0
-1760 -785 0
-1761 -786 0
-1762 -787 0
-1763 -788 0
-1764 -789 0
-1765 -790 0
-1766 -791 0
-1767 -792 0
-1768 -793 0
-1769 -794 0
-1770 -795 0
-1756 -1261 0
-1757 -1262 0
-1758 -1263 0
-1759 -1264 0
-1760 -1265 0
-1761 -1266 0
-1762 -1267 0
-1763 -1268 0
-1764 -1269 0
-1765 -1270 0
-1766 -1271 0
-1767 -1272 0
-1768 -1273 0
-1769 -1274 0
-1770 -1275 0
-1771 -1096 0
-1772 -1097 0
-1773 -1098 0
-1774 -1099 0
-1775 -1100 0
-1776 -1101 0
-1777 -1102 0
-1778 -1103 0
-1779 -1104 0
-1780 -1105 0
-1781 -1106 0
-1782 -1107 0
-1783 -1108 0
-1784 -1109 0
-1785 -1110 0
-1786 -481 0
-1787 -482 0
-1788 -483 0
-1789 -484 0
-1790 -485 0
-1791 -486 0
-1792 -487 0
-1793 -488 0
-1794 -489 0
-1795 -490 0
-1796 -491 0
-1797 -492 0
-1798 -493 0
-1799 -494 0
-1800 -495 0
-1786 -796 0
-1787 -797 0
-1788 -798 0
-1789 -799 0
-1790 -800 0
-1791 -801 0
-1792 -802 0
-1793 -803 0
-1794 -804 0
-1795 -805 0
-1796 -806 0
-1797 -807 0
-1798 -808 0
-1799 -809 0
-1800 -810 0
-1786 -946 0
-1787 -947 0
-1788 -948 0
-1789 -949 0
-1790 -950 0
-1791 -951 0
-1792 -952 0
-1793 -953 0
-1794 -954 0
-1795 -955 0
-1796 -956 0
-1797 -957 0
-1798 -958 0
-1799 -959 0
-1800 -960 0
-1786 -1066 0
-1787 -1067 0
-1788 -1068 0
-1789 -1069 0
-1790 -1070 0
-1791 -1071 0
-1792 -1072 0
-1793 -1073 0
-1794 -1074 0
-1795 -1075 0
-1796 -1076 0
-1797 -1077 0
-1798 -1078 0
-1799 -1079 0
-1800 -1080 0
-1786 -1411 0
-1787 -1412 0
-1788 -1413 0
-1789 -1414 0
-1790 -1415 0
-1791 -1416 0
-1792 -1417 0
-1793 -1418 0
-1794 -1419 0
-1795 -1420 0
-1796 -1421 0
-1797 -1422 0
-1798 -1423 0
-1799 -1424 0
-1800 -1425 0
-1786 -1666 0
-1787 -1667 0
-1788 -1668 0
-1789 -1669 0
-1790 -1670 0
-1791 -1671 0
-1792 -1672 0
-1793 -1673 0
-1794 -1674 0
-1795 -1675 0
-1796 -1676 0
-1797 -1677 0
-1798 -1678 0
-1799 -1679 0
-1800 -1680 0
-1801 -256 0
-1802 -257 0
-1803 -258 0
-1804 -259 0
-1805 -260 0
-1806 -261 0
-1807 -262 0
-1808 -263 0
-1809 -264 0
-1810 -265 0
-1811 -266 0
-1812 -267 0
-1813 -268 0
-1814 -269 0
-1815 -270 0
-1816 -361 0
-1817 -362 0
-1818 -363 0
-1819 -364 0
-1820 -365 0
-1821 -366 0
-1822 -367 0
-1823 -368 0
-1824 -369 0
-1825 -370 0
-1826 -371 0
-1827 -372 0
-1828 -373 0
-1829 -374 0
-1830 -375 0
-1816 -631 0
-1817 -632 0
-1818 -633 0
-1819 -634 0
-1820 -635 0
-1821 -636 0
-1822 -637 0
-1823 -638 0
-1824 -639 0
-1825 -640 0
-1826 -641 0
-1827 -642 0
-1828 -643 0
-1829 -644 0
-1830 -645 0
-1816 -1066 0
-1817 -1067 0
-1818 -1068 0
-1819 -1069 0
-1820 -1070 0
-1821 -1071 0
-1822 -1072 0
-1823 -1073 0
-1824 -1074 0
-1825 -1075 0
-1826 -1076 0
-1827 -1077 0
-1828 -1078 0
-1829 -1079 0
-1830 -1080 0
-1816 -1411 0
-1817 -1412 0
-1818 -1413 0
-1819 -1414 0
-1820 -1415 0
-1821 -1416 0
-1822 -1417 0
-1823 -1418 0
-1824 -1419 0
-1825 -1420 0
-1826 -1421 0
-1827 -1422 0
-1828 -1423 0
-1829 -1424 0
-1830 -1425 0
-1831 -256 0
-1832 -257 0
-1833 -258 0
-1834 -259 0
-1835 -260 0
-1836 -261 0
-1837 -262 0
-1838 -263 0
-1839 -264 0
-1840 -265 0
-1841 -266 0
-1842 -267 0
-1843 -268 0
-1844 -269 0
-1845 -270 0
-1831 -811 0
-1832 -812 0
-1833 -813 0
-1834 -814 0
-1835 -815 0
-1836 -816 0
-1837 -817 0
-1838 -818 0
-1839 -819 0
-1840 -820 0
-1841 -821 0
-1842 -822 0
-1843 -823 0
-1844 -824 0
-1845 -825 0
-1831 -1096 0
-1832 -1097 0
-1833 -1098 0
-1834 -1099 0
-1835 -1100 0
-1836 -1101 0
-1837 -1102 0
-1838 -1103 0
-1839 -1104 0
-1840 -1105 0
-1841 -1106 0
-1842 -1107 0
-1843 -1108 0
-1844 -1109 0
-1845 -1110 0
-1831 -1156 0
-1832 -1157 0
-1833 -1158 0
-1834 -1159 0
-1835 -1160 0
-1836 -1161 0
-1837 -1162 0
-1838 -1163 0
-1839 -1164 0
-1840 -1165 0
-1841 -1166 0
-1842 -1167 0
-1843 -1168 0
-1844 -1169 0
-1845 -1170 0
-1831 -1366 0
-1832 -1367 0
-1833 -1368 0
-1834 -1369 0
-1835 -1370 0
-1836 -1371 0
-1837 -1372 0
-1838 -1373 0
-1839 -1374 0
-1840 -1375 0
-1841 -1376 0
-1842 -1377 0
-1843 -1378 0
-1844 -1379 0
-1845 -1380 0
-1846 -1411 0
-1847 -1412 0
-1848 -1413 0
-1849 -1414 0
-1850 -1415 0
-1851 -1416 0
-1852 -1417 0
-1853 -1418 0
-1854 -1419 0
-1855 -1420 0
-1856 -1421 0
-1857 -1422 0
-1858 -1423 0
-1859 -1424 0
-1860 -1425 0
-1846 -1456 0
-1847 -1457 0
-1848 -1458 0
-1849 -1459 0
-1850 -1460 0
-1851 -1461 0
-1852 -1462 0
-1853 -1463 0
-1854 -1464 0
-1855 -1465 0
-1856 -1466 0
-1857 -1467 0
-1858 -1468 0
-1859 -1469 0
-1860 -1470 0
-1861 -526 0
-1862 -527 0
-1863 -528 0
-1864 -529 0
-1865 -530 0
-1866 -531 0
-1867 -532 0
-1868 -533 0
-1869 -534 0
-1870 -535 0
-1871 -536 0
-1872 -537 0
-1873 -538 0
-1874 -539 0
-1875 -540 0
-1876 -856 0
-1877 -857 0
-1878 -858 0
-1879 -859 0
-1880 -860 0
-1881 -861 0
-1882 -862 0
-1883 -863 0
-1884 -864 0
-1885 -865 0
-1886 -866 0
-1887 -867 0
-1888 -868 0
-1889 -869 0
-1890 -870 0
-1876 -1261 0
-1877 -1262 0
-1878 -1263 0
-1879 -1264 0
-1880 -1265 0
-1881 -1266 0
-1882 -1267 0
-1883 -1268 0
-1884 -1269 0
-1885 -1270 0
-1886 -1271 0
-1887 -1272 0
-1888 -1273 0
-1889 -1274 0
-1890 -1275 0
-1876 -1321 0
-1877 -1322 0
-1878 -1323 0
-1879 -1324 0
-1880 -1325 0
-1881 -1326 0
-1882 -1327 0
-1883 -1328 0
-1884 -1329 0
-1885 -1330 0
-1886 -1331 0
-1887 -1332 0
-1888 -1333 0
-1889 -1334 0
-1890 -1335 0
-1876 -1756 0
-1877 -1757 0
-1878 -1758 0
-1879 -1759 0
-1880 -1760 0
-1881 -1761 0
-1882 -1762 0
-1883 -1763 0
-1884 -1764 0
-1885 -1765 0
-1886 -1766 0
-1887 -1767 0
-1888 -1768 0
-1889 -1769 0
-1890 -1770 0
-1891 -256 0
-1892 -257 0
-1893 -258 0
-1894 -259 0
-1895 -260 0
-1896 -261 0
-1897 -262 0
-1898 -263 0
-1899 -264 0
-1900 -265 0
-1901 -266 0
-1902 -267 0
-1903 -268 0
-1904 -269 0
-1905 -270 0
-1891 -421 0
-1892 -422 0
-1893 -423 0
-1894 -424 0
-1895 -425 0
-1896 -426 0
-1897 -427 0
-1898 -428 0
-1899 -429 0
-1900 -430 0
-1901 -431 0
-1902 -432 0
-1903 -433 0
-1904 -434 0
-1905 -435 0
-1891 -526 0
-1892 -527 0
-1893 -528 0
-1894 -529 0
-1895 -530 0
-1896 -531 0
-1897 -532 0
-1898 -533 0
-1899 -534 0
-1900 -535 0
-1901 -536 0
-1902 -537 0
-1903 -538 0
-1904 -539 0
-1905 -540 0
-1891 -601 0
-1892 -602 0
-1893 -603 0
-1894 -604 0
-1895 -605 0
-1896 -606 0
-1897 -607 0
-1898 -608 0
-1899 -609 0
-1900 -610 0
-1901 -611 0
-1902 -612 0
-1903 -613 0
-1904 -614 0
-1905 -615 0
-1891 -661 0
-1892 -662 0
-1893 -663 0
-1894 -664 0
-1895 -665 0
-1896 -666 0
-1897 -667 0
-1898 -668 0
-1899 -669 0
-1900 -670 0
-1901 -671 0
-1902 -672 0
-1903 -673 0
-1904 -674 0
-1905 -675 0
-1891 -1096 0
-1892 -1097 0
-1893 -1098 0
-1894 -1099 0
-1895 -1100 0
-1896 -1101 0
-1897 -1102 0
-1898 -1103 0
-1899 -1104 0
-1900 -1105 0
-1901 -1106 0
-1902 -1107 0
-1903 -1108 0
-1904 -1109 0
-1905 -1110 0
-1906 -1726 0
-1907 -1727 0
-1908 -1728 0
-1909 -1729 0
-1910 -1730 0
-1911 -1731 0
-1912 -1732 0
-1913 -1733 0
-1914 -1734 0
-1915 -1735 0
-1916 -1736 0
-1917 -1737 0
-1918 -1738 0
-1919 -1739 0
-1920 -1740 0
-1936 -256 0
-1937 -257 0
-1938 -258 0
-1939 -259 0
-1940 -260 0
-1941 -261 0
-1942 -262 0
-1943 -263 0
-1944 -264 0
-1945 -265 0
-1946 -266 0
-1947 -267 0
-1948 -268 0
-1949 -269 0
-1950 -270 0
-1936 -286 0
-1937 -287 0
-1938 -288 0
-1939 -289 0
-1940 -290 0
-1941 -291 0
-1942 -292 0
-1943 -293 0
-1944 -294 0
-1945 -295 0
-1946 -296 0
-1947 -297 0
-1948 -298 0
-1949 -299 0
-1950 -300 0
-1936 -676 0
-1937 -677 0
-1938 -678 0
-1939 -679 0
-1940 -680 0
-1941 -681 0
-1942 -682 0
-1943 -683 0
-1944 -684 0
-1945 -685 0
-1946 -686 0
-1947 -687 0
-1948 -688 0
-1949 -689 0
-1950 -690 0
-1936 -1006 0
-1937 -1007 0
-1938 -1008 0
-1939 -1009 0
-1940 -1010 0
-1941 -1011 0
-1942 -1012 0
-1943 -1013 0
-1944 -1014 0
-1945 -1015 0
-1946 -1016 0
-1947 -1017 0
-1948 -1018 0
-1949 -1019 0
-1950 -1020 0
-1936 -1096 0
-1937 -1097 0
-1938 -1098 0
-1939 -1099 0
-1940 -1100 0
-1941 -1101 0
-1942 -1102 0
-1943 -1103 0
-1944 -1104 0
-1945 -1105 0
-1946 -1106 0
-1947 -1107 0
-1948 -1108 0
-1949 -1109 0
-1950 -1110 0
-1951 -721 0
-1952 -722 0
-1953 -723 0
-1954 -724 0
-1955 -725 0
-1956 -726 0
-1957 -727 0
-1958 -728 0
-1959 -729 0
-1960 -730 0
-1961 -731 0
-1962 -732 0
-1963 -733 0
-1964 -734 0
-1965 -735 0
-1951 -1066 0
-1952 -1067 0
-1953 -1068 0
-1954 -1069 0
-1955 -1070 0
-1956 -1071 0
-1957 -1072 0
-1958 -1073 0
-1959 -1074 0
-1960 -1075 0
-1961 -1076 0
-1962 -1077 0
-1963 -1078 0
-1964 -1079 0
-1965 -1080 0
-1951 -1726 0
-1952 -1727 0
-1953 -1728 0
-1954 -1729 0
-1955 -1730 0
-1956 -1731 0
-1957 -1732 0
-1958 -1733 0
-1959 -1734 0
-1960 -1735 0
-1961 -1736 0
-1962 -1737 0
-1963 -1738 0
-1964 -1739 0
-1965 -1740 0
-1966 -106 0
-1967 -107 0
-1968 -108 0
-1969 -109 0
-1970 -110 0
-1971 -111 0
-1972 -112 0
-1973 -113 0
-1974 -114 0
-1975 -115 0
-1976 -116 0
-1977 -117 0
-1978 -118 0
-1979 -119 0
-1980 -120 0
-1966 -256 0
-1967 -257 0
-1968 -258 0
-1969 -259 0
-1970 -260 0
-1971 -261 0
-1972 -262 0
-1973 -263 0
-1974 -264 0
-1975 -265 0
-1976 -266 0
-1977 -267 0
-1978 -268 0
-1979 -269 0
-1980 -270 0
-1981 -526 0
-1982 -527 0
-1983 -528 0
-1984 -529 0
-1985 -530 0
-1986 -531 0
-1987 -532 0
-1988 -533 0
-1989 -534 0
-1990 -535 0
-1991 -536 0
-1992 -537 0
-1993 -538 0
-1994 -539 0
-1995 -540 0
-1981 -616 0
-1982 -617 0
-1983 -618 0
-1984 -619 0
-1985 -620 0
-1986 -621 0
-1987 -622 0
-1988 -623 0
-1989 -624 0
-1990 -625 0
-1991 -626 0
-1992 -627 0
-1993 -628 0
-1994 -629 0
-1995 -630 0
-1981 -721 0
-1982 -722 0
-1983 -723 0
-1984 -724 0
-1985 -725 0
-1986 -726 0
-1987 -727 0
-1988 -728 0
-1989 -729 0
-1990 -730 0
-1991 -731 0
-1992 -732 0
-1993 -733 0
-1994 -734 0
-1995 -735 0
-1981 -1066 0
-1982 -1067 0
-1983 -1068 0
-1984 -1069 0
-1985 -1070 0
-1986 -1071 0
-1987 -1072 0
-1988 -1073 0
-1989 -1074 0
-1990 -1075 0
-1991 -1076 0
-1992 -1077 0
-1993 -1078 0
-1994 -1079 0
-1995 -1080 0
-1981 -1576 0
-1982 -1577 0
-1983 -1578 0
-1984 -1579 0
-1985 -1580 0
-1986 -1581 0
-1987 -1582 0
-1988 -1583 0
-1989 -1584 0
-1990 -1585 0
-1991 -1586 0
-1992 -1587 0
-1993 -1588 0
-1994 -1589 0
-1995 -1590 0
-1981 -1621 0
-1982 -1622 0
-1983 -1623 0
-1984 -1624 0
-1985 -1625 0
-1986 -1626 0
-1987 -1627 0
-1988 -1628 0
-1989 -1629 0
-1990 -1630 0
-1991 -1631 0
-1992 -1632 0
-1993 -1633 0
-1994 -1634 0
-1995 -1635 0
-1981 -1651 0
-1982 -1652 0
-1983 -1653 0
-1984 -1654 0
-1985 -1655 0
-1986 -1656 0
-1987 -1657 0
-1988 -1658 0
-1989 -1659 0
-1990 -1660 0
-1991 -1661 0
-1992 -1662 0
-1993 -1663 0
-1994 -1664 0
-1995 -1665 0
-1981 -1726 0
-1982 -1727 0
-1983 -1728 0
-1984 -1729 0
-1985 -1730 0
-1986 -1731 0
-1987 -1732 0
-1988 -1733 0
-1989 -1734 0
-1990 -1735 0
-1991 -1736 0
-1992 -1737 0
-1993 -1738 0
-1994 -1739 0
-1995 -1740 0
-1981 -1906 0
-1982 -1907 0
-1983 -1908 0
-1984 -1909 0
-1985 -1910 0
-1986 -1911 0
-1987 -1912 0
-1988 -1913 0
-1989 -1914 0
-1990 -1915 0
-1991 -1916 0
-1992 -1917 0
-1993 -1918 0
-1994 -1919 0
-1995 -1920 0
-1981 -1951 0
-1982 -1952 0
-1983 -1953 0
-1984 -1954 0
-1985 -1955 0
-1986 -1956 0
-1987 -1957 0
-1988 -1958 0
-1989 -1959 0
-1990 -1960 0
-1991 -1961 0
-1992 -1962 0
-1993 -1963 0
-1994 -1964 0
-1995 -1965 0
-1996 -781 0
-1997 -782 0
-1998 -783 0
-1999 -784 0
-2000 -785 0
-2001 -786 0
-2002 -787 0
-2003 -788 0
-2004 -789 0
-2005 -790 0
-2006 -791 0
-2007 -792 0
-2008 -793 0
-2009 -794 0
-2010 -795 0
-1996 -1261 0
-1997 -1262 0
-1998 -1263 0
-1999 -1264 0
-2000 -1265 0
-2001 -1266 0
-2002 -1267 0
-2003 -1268 0
-2004 -1269 0
-2005 -1270 0
-2006 -1271 0
-2007 -1272 0
-2008 -1273 0
-2009 -1274 0
-2010 -1275 0
-2011 -91 0
-2012 -92 0
-2013 -93 0
-2014 -94 0
-2015 -95 0
-2016 -96 0
-2017 -97 0
-2018 -98 0
-2019 -99 0
-2020 -100 0
-2021 -101 0
-2022 -102 0
-2023 -103 0
-2024 -104 0
-2025 -105 0
-2011 -121 0
-2012 -122 0
-2013 -123 0
-2014 -124 0
-2015 -125 0
-2016 -126 0
-2017 -127 0
-2018 -128 0
-2019 -129 0
-2020 -130 0
-2021 -131 0
-2022 -132 0
-2023 -133 0
-2024 -134 0
-2025 -135 0
-2011 -196 0
-2012 -197 0
-2013 -198 0
-2014 -199 0
-2015 -200 0
-2016 -201 0
-2017 -202 0
-2018 -203 0
-2019 -204 0
-2020 -205 0
-2021 -206 0
-2022 -207 0
-2023 -208 0
-2024 -209 0
-2025 -210 0
-2011 -241 0
-2012 -242 0
-2013 -243 0
-2014 -244 0
-2015 -245 0
-2016 -246 0
-2017 -247 0
-2018 -248 0
-2019 -249 0
-2020 -250 0
-2021 -251 0
-2022 -252 0
-2023 -253 0
-2024 -254 0
-2025 -255 0
-2011 -256 0
-2012 -257 0
-2013 -258 0
-2014 -259 0
-2015 -260 0
-2016 -261 0
-2017 -262 0
-2018 -263 0
-2019 -264 0
-2020 -265 0
-2021 -266 0
-2022 -267 0
-2023 -268 0
-2024 -269 0
-2025 -270 0
-2011 -286 0
-2012 -287 0
-2013 -288 0
-2014 -289 0
-2015 -290 0
-2016 -291 0
-2017 -292 0
-2018 -293 0
-2019 -294 0
-2020 -295 0
-2021 -296 0
-2022 -297 0
-2023 -298 0
-2024 -299 0
-2025 -300 0
-2011 -421 0
-2012 -422 0
-2013 -423 0
-2014 -424 0
-2015 -425 0
-2016 -426 0
-2017 -427 0
-2018 -428 0
-2019 -429 0
-2020 -430 0
-2021 -431 0
-2022 -432 0
-2023 -433 0
-2024 -434 0
-2025 -435 0
-2011 -526 0
-2012 -527 0
-2013 -528 0
-2014 -529 0
-2015 -530 0
-2016 -531 0
-2017 -532 0
-2018 -533 0
-2019 -534 0
-2020 -535 0
-2021 -536 0
-2022 -537 0
-2023 -538 0
-2024 -539 0
-2025 -540 0
-2011 -871 0
-2012 -872 0
-2013 -873 0
-2014 -874 0
-2015 -875 0
-2016 -876 0
-2017 -877 0
-2018 -878 0
-2019 -879 0
-2020 -880 0
-2021 -881 0
-2022 -882 0
-2023 -883 0
-2024 -884 0
-2025 -885 0
-2011 -886 0
-2012 -887 0
-2013 -888 0
-2014 -889 0
-2015 -890 0
-2016 -891 0
-2017 -892 0
-2018 -893 0
-2019 -894 0
-2020 -895 0
-2021 -896 0
-2022 -897 0
-2023 -898 0
-2024 -899 0
-2025 -900 0
-2011 -961 0
-2012 -962 0
-2013 -963 0
-2014 -964 0
-2015 -965 0
-2016 -966 0
-2017 -967 0
-2018 -968 0
-2019 -969 0
-2020 -970 0
-2021 -971 0
-2022 -972 0
-2023 -973 0
-2024 -974 0
-2025 -975 0
-2011 -1096 0
-2012 -1097 0
-2013 -1098 0
-2014 -1099 0
-2015 -1100 0
-2016 -1101 0
-2017 -1102 0
-2018 -1103 0
-2019 -1104 0
-2020 -1105 0
-2021 -1106 0
-2022 -1107 0
-2023 -1108 0
-2024 -1109 0
-2025 -1110 0
-2011 -1156 0
-2012 -1157 0
-2013 -1158 0
-2014 -1159 0
-2015 -1160 0
-2016 -1161 0
-2017 -1162 0
-2018 -1163 0
-2019 -1164 0
-2020 -1165 0
-2021 -1166 0
-2022 -1167 0
-2023 -1168 0
-2024 -1169 0
-2025 -1170 0
-2011 -1201 0
-2012 -1202 0
-2013 -1203 0
-2014 -1204 0
-2015 -1205 0
-2016 -1206 0
-2017 -1207 0
-2018 -1208 0
-2019 -1209 0
-2020 -1210 0
-2021 -1211 0
-2022 -1212 0
-2023 -1213 0
-2024 -1214 0
-2025 -1215 0
-2011 -1231 0
-2012 -1232 0
-2013 -1233 0
-2014 -1234 0
-2015 -1235 0
-2016 -1236 0
-2017 -1237 0
-2018 -1238 0
-2019 -1239 0
-2020 -1240 0
-2021 -1241 0
-2022 -1242 0
-2023 -1243 0
-2024 -1244 0
-2025 -1245 0
-2011 -1261 0
-2012 -1262 0
-2013 -1263 0
-2014 -1264 0
-2015 -1265 0
-2016 -1266 0
-2017 -1267 0
-2018 -1268 0
-2019 -1269 0
-2020 -1270 0
-2021 -1271 0
-2022 -1272 0
-2023 -1273 0
-2024 -1274 0
-2025 -1275 0
-2011 -1321 0
-2012 -1322 0
-2013 -1323 0
-2014 -1324 0
-2015 -1325 0
-2016 -1326 0
-2017 -1327 0
-2018 -1328 0
-2019 -1329 0
-2020 -1330 0
-2021 -1331 0
-2022 -1332 0
-2023 -1333 0
-2024 -1334 0
-2025 -1335 0
-2011 -1351 0
-2012 -1352 0
-2013 -1353 0
-2014 -1354 0
-2015 -1355 0
-2016 -1356 0
-2017 -1357 0
-2018 -1358 0
-2019 -1359 0
-2020 -1360 0
-2021 -1361 0
-2022 -1362 0
-2023 -1363 0
-2024 -1364 0
-2025 -1365 0
-2011 -1411 0
-2012 -1412 0
-2013 -1413 0
-2014 -1414 0
-2015 -1415 0
-2016 -1416 0
-2017 -1417 0
-2018 -1418 0
-2019 -1419 0
-2020 -1420 0
-2021 -1421 0
-2022 -1422 0
-2023 -1423 0
-2024 -1424 0
-2025 -1425 0
-2011 -1471 0
-2012 -1472 0
-2013 -1473 0
-2014 -1474 0
-2015 -1475 0
-2016 -1476 0
-2017 -1477 0
-2018 -1478 0
-2019 -1479 0
-2020 -1480 0
-2021 -1481 0
-2022 -1482 0
-2023 -1483 0
-2024 -1484 0
-2025 -1485 0
-2011 -1606 0
-2012 -1607 0
-2013 -1608 0
-2014 -1609 0
-2015 -1610 0
-2016 -1611 0
-2017 -1612 0
-2018 -1613 0
-2019 -1614 0
-2020 -1615 0
-2021 -1616 0
-2022 -1617 0
-2023 -1618 0
-2024 -1619 0
-2025 -1620 0
-2011 -1726 0
-2012 -1727 0
-2013 -1728 0
-2014 -1729 0
-2015 -1730 0
-2016 -1731 0
-2017 -1732 0
-2018 -1733 0
-2019 -1734 0
-2020 -1735 0
-2021 -1736 0
-2022 -1737 0
-2023 -1738 0
-2024 -1739 0
-2025 -1740 0
-2011 -1741 0
-2012 -1742 0
-2013 -1743 0
-2014 -1744 0
-2015 -1745 0
-2016 -1746 0
-2017 -1747 0
-2018 -1748 0
-2019 -1749 0
-2020 -1750 0
-2021 -1751 0
-2022 -1752 0
-2023 -1753 0
-2024 -1754 0
-2025 -1755 0
-2011 -1771 0
-2012 -1772 0
-2013 -1773 0
-2014 -1774 0
-2015 -1775 0
-2016 -1776 0
-2017 -1777 0
-2018 -1778 0
-2019 -1779 0
-2020 -1780 0
-2021 -1781 0
-2022 -1782 0
-2023 -1783 0
-2024 -1784 0
-2025 -1785 0
-2011 -1921 0
-2012 -1922 0
-2013 -1923 0
-2014 -1924 0
-2015 -1925 0
-2016 -1926 0
-2017 -1927 0
-2018 -1928 0
-2019 -1929 0
-2020 -1930 0
-2021 -1931 0
-2022 -1932 0
-2023 -1933 0
-2024 -1934 0
-2025 -1935 0
-2026 -76 0
-2027 -77 0
-2028 -78 0
-2029 -79 0
-2030 -80 0
-2031 -81 0
-2032 -82 0
-2033 -83 0
-2034 -84 0
-2035 -85 0
-2036 -86 0
-2037 -87 0
-2038 -88 0
-2039 -89 0
-2040 -90 0
-2026 -91 0
-2027 -92 0
-2028 -93 0
-2029 -94 0
-2030 -95 0
-2031 -96 0
-2032 -97 0
-2033 -98 0
-2034 -99 0
-2035 -100 0
-2036 -101 0
-2037 -102 0
-2038 -103 0
-2039 -104 0
-2040 -105 0
-2026 -121 0
-2027 -122 0
-2028 -123 0
-2029 -124 0
-2030 -125 0
-2031 -126 0
-2032 -127 0
-2033 -128 0
-2034 -129 0
-2035 -130 0
-2036 -131 0
-2037 -132 0
-2038 -133 0
-2039 -134 0
-2040 -135 0
-2026 -256 0
-2027 -257 0
-2028 -258 0
-2029 -259 0
-2030 -260 0
-2031 -261 0
-2032 -262 0
-2033 -263 0
-2034 -264 0
-2035 -265 0
-2036 -266 0
-2037 -267 0
-2038 -268 0
-2039 -269 0
-2040 -270 0
-2026 -271 0
-2027 -272 0
-2028 -273 0
-2029 -274 0
-2030 -275 0
-2031 -276 0
-2032 -277 0
-2033 -278 0
-2034 -279 0
-2035 -280 0
-2036 -281 0
-2037 -282 0
-2038 -283 0
-2039 -284 0
-2040 -285 0
-2026 -286 0
-2027 -287 0
-2028 -288 0
-2029 -289 0
-2030 -290 0
-2031 -291 0
-2032 -292 0
-2033 -293 0
-2034 -294 0
-2035 -295 0
-2036 -296 0
-2037 -297 0
-2038 -298 0
-2039 -299 0
-2040 -300 0
-2026 -301 0
-2027 -302 0
-2028 -303 0
-2029 -304 0
-2030 -305 0
-2031 -306 0
-2032 -307 0
-2033 -308 0
-2034 -309 0
-2035 -310 0
-2036 -311 0
-2037 -312 0
-2038 -313 0
-2039 -314 0
-2040 -315 0
-2026 -376 0
-2027 -377 0
-2028 -378 0
-2029 -379 0
-2030 -380 0
-2031 -381 0
-2032 -382 0
-2033 -383 0
-2034 -384 0
-2035 -385 0
-2036 -386 0
-2037 -387 0
-2038 -388 0
-2039 -389 0
-2040 -390 0
-2026 -526 0
-2027 -527 0
-2028 -528 0
-2029 -529 0
-2030 -530 0
-2031 -531 0
-2032 -532 0
-2033 -533 0
-2034 -534 0
-2035 -535 0
-2036 -536 0
-2037 -537 0
-2038 -538 0
-2039 -539 0
-2040 -540 0
-2026 -661 0
-2027 -662 0
-2028 -663 0
-2029 -664 0
-2030 -665 0
-2031 -666 0
-2032 -667 0
-2033 -668 0
-2034 -669 0
-2035 -670 0
-2036 -671 0
-2037 -672 0
-2038 -673 0
-2039 -674 0
-2040 -675 0
-2026 -871 0
-2027 -872 0
-2028 -873 0
-2029 -874 0
-2030 -875 0
-2031 -876 0
-2032 -877 0
-2033 -878 0
-2034 -879 0
-2035 -880 0
-2036 -881 0
-2037 -882 0
-2038 -883 0
-2039 -884 0
-2040 -885 0
-2026 -946 0
-2027 -947 0
-2028 -948 0
-2029 -949 0
-2030 -950 0
-2031 -951 0
-2032 -952 0
-2033 -953 0
-2034 -954 0
-2035 -955 0
-2036 -956 0
-2037 -957 0
-2038 -958 0
-2039 -959 0
-2040 -960 0
-2026 -1096 0
-2027 -1097 0
-2028 -1098 0
-2029 -1099 0
-2030 -1100 0
-2031 -1101 0
-2032 -1102 0
-2033 -1103 0
-2034 -1104 0
-2035 -1105 0
-2036 -1106 0
-2037 -1107 0
-2038 -1108 0
-2039 -1109 0
-2040 -1110 0
-2026 -1156 0
-2027 -1157 0
-2028 -1158 0
-2029 -1159 0
-2030 -1160 0
-2031 -1161 0
-2032 -1162 0
-2033 -1163 0
-2034 -1164 0
-2035 -1165 0
-2036 -1166 0
-2037 -1167 0
-2038 -1168 0
-2039 -1169 0
-2040 -1170 0
-2026 -1201 0
-2027 -1202 0
-2028 -1203 0
-2029 -1204 0
-2030 -1205 0
-2031 -1206 0
-2032 -1207 0
-2033 -1208 0
-2034 -1209 0
-2035 -1210 0
-2036 -1211 0
-2037 -1212 0
-2038 -1213 0
-2039 -1214 0
-2040 -1215 0
-2026 -1231 0
-2027 -1232 0
-2028 -1233 0
-2029 -1234 0
-2030 -1235 0
-2031 -1236 0
-2032 -1237 0
-2033 -1238 0
-2034 -1239 0
-2035 -1240 0
-2036 -1241 0
-2037 -1242 0
-2038 -1243 0
-2039 -1244 0
-2040 -1245 0
-2026 -1261 0
-2027 -1262 0
-2028 -1263 0
-2029 -1264 0
-2030 -1265 0
-2031 -1266 0
-2032 -1267 0
-2033 -1268 0
-2034 -1269 0
-2035 -1270 0
-2036 -1271 0
-2037 -1272 0
-2038 -1273 0
-2039 -1274 0
-2040 -1275 0
-2026 -1321 0
-2027 -1322 0
-2028 -1323 0
-2029 -1324 0
-2030 -1325 0
-2031 -1326 0
-2032 -1327 0
-2033 -1328 0
-2034 -1329 0
-2035 -1330 0
-2036 -1331 0
-2037 -1332 0
-2038 -1333 0
-2039 -1334 0
-2040 -1335 0
-2026 -1351 0
-2027 -1352 0
-2028 -1353 0
-2029 -1354 0
-2030 -1355 0
-2031 -1356 0
-2032 -1357 0
-2033 -1358 0
-2034 -1359 0
-2035 -1360 0
-2036 -1361 0
-2037 -1362 0
-2038 -1363 0
-2039 -1364 0
-2040 -1365 0
-2026 -1381 0
-2027 -1382 0
-2028 -1383 0
-2029 -1384 0
-2030 -1385 0
-2031 -1386 0
-2032 -1387 0
-2033 -1388 0
-2034 -1389 0
-2035 -1390 0
-2036 -1391 0
-2037 -1392 0
-2038 -1393 0
-2039 -1394 0
-2040 -1395 0
-2026 -1411 0
-2027 -1412 0
-2028 -1413 0
-2029 -1414 0
-2030 -1415 0
-2031 -1416 0
-2032 -1417 0
-2033 -1418 0
-2034 -1419 0
-2035 -1420 0
-2036 -1421 0
-2037 -1422 0
-2038 -1423 0
-2039 -1424 0
-2040 -1425 0
-2026 -1471 0
-2027 -1472 0
-2028 -1473 0
-2029 -1474 0
-2030 -1475 0
-2031 -1476 0
-2032 -1477 0
-2033 -1478 0
-2034 -1479 0
-2035 -1480 0
-2036 -1481 0
-2037 -1482 0
-2038 -1483 0
-2039 -1484 0
-2040 -1485 0
-2026 -1606 0
-2027 -1607 0
-2028 -1608 0
-2029 -1609 0
-2030 -1610 0
-2031 -1611 0
-2032 -1612 0
-2033 -1613 0
-2034 -1614 0
-2035 -1615 0
-2036 -1616 0
-2037 -1617 0
-2038 -1618 0
-2039 -1619 0
-2040 -1620 0
-2026 -1711 0
-2027 -1712 0
-2028 -1713 0
-2029 -1714 0
-2030 -1715 0
-2031 -1716 0
-2032 -1717 0
-2033 -1718 0
-2034 -1719 0
-2035 -1720 0
-2036 -1721 0
-2037 -1722 0
-2038 -1723 0
-2039 -1724 0
-2040 -1725 0
-2026 -1726 0
-2027 -1727 0
-2028 -1728 0
-2029 -1729 0
-2030 -1730 0
-2031 -1731 0
-2032 -1732 0
-2033 -1733 0
-2034 -1734 0
-2035 -1735 0
-2036 -1736 0
-2037 -1737 0
-2038 -1738 0
-2039 -1739 0
-2040 -1740 0
-2026 -2011 0
-2027 -2012 0
-2028 -2013 0
-2029 -2014 0
-2030 -2015 0
-2031 -2016 0
-2032 -2017 0
-2033 -2018 0
-2034 -2019 0
-2035 -2020 0
-2036 -2021 0
-2037 -2022 0
-2038 -2023 0
-2039 -2024 0
-2040 -2025 0
-2041 -526 0
-2042 -527 0
-2043 -528 0
-2044 -529 0
-2045 -530 0
-2046 -531 0
-2047 -532 0
-2048 -533 0
-2049 -534 0
-2050 -535 0
-2051 -536 0
-2052 -537 0
-2053 -538 0
-2054 -539 0
-2055 -540 0
-2041 -721 0
-2042 -722 0
-2043 -723 0
-2044 -724 0
-2045 -725 0
-2046 -726 0
-2047 -727 0
-2048 -728 0
-2049 -729 0
-2050 -730 0
-2051 -731 0
-2052 -732 0
-2053 -733 0
-2054 -734 0
-2055 -735 0
-2041 -1621 0
-2042 -1622 0
-2043 -1623 0
-2044 -1624 0
-2045 -1625 0
-2046 -1626 0
-2047 -1627 0
-2048 -1628 0
-2049 -1629 0
-2050 -1630 0
-2051 -1631 0
-2052 -1632 0
-2053 -1633 0
-2054 -1634 0
-2055 -1635 0
-2041 -1726 0
-2042 -1727 0
-2043 -1728 0
-2044 -1729 0
-2045 -1730 0
-2046 -1731 0
-2047 -1732 0
-2048 -1733 0
-2049 -1734 0
-2050 -1735 0
-2051 -1736 0
-2052 -1737 0
-2053 -1738 0
-2054 -1739 0
-2055 -1740 0
-2056 -91 0
-2057 -92 0
-2058 -93 0
-2059 -94 0
-2060 -95 0
-2061 -96 0
-2062 -97 0
-2063 -98 0
-2064 -99 0
-2065 -100 0
-2066 -101 0
-2067 -102 0
-2068 -103 0
-2069 -104 0
-2070 -105 0
-2056 -121 0
-2057 -122 0
-2058 -123 0
-2059 -124 0
-2060 -125 0
-2061 -126 0
-2062 -127 0
-2063 -128 0
-2064 -129 0
-2065 -130 0
-2066 -131 0
-2067 -132 0
-2068 -133 0
-2069 -134 0
-2070 -135 0
-2056 -226 0
-2057 -227 0
-2058 -228 0
-2059 -229 0
-2060 -230 0
-2061 -231 0
-2062 -232 0
-2063 -233 0
-2064 -234 0
-2065 -235 0
-2066 -236 0
-2067 -237 0
-2068 -238 0
-2069 -239 0
-2070 -240 0
-2056 -256 0
-2057 -257 0
-2058 -258 0
-2059 -259 0
-2060 -260 0
-2061 -261 0
-2062 -262 0
-2063 -263 0
-2064 -264 0
-2065 -265 0
-2066 -266 0
-2067 -267 0
-2068 -268 0
-2069 -269 0
-2070 -270 0
-2056 -271 0
-2057 -272 0
-2058 -273 0
-2059 -274 0
-2060 -275 0
-2061 -276 0
-2062 -277 0
-2063 -278 0
-2064 -279 0
-2065 -280 0
-2066 -281 0
-2067 -282 0
-2068 -283 0
-2069 -284 0
-2070 -285 0
-2056 -286 0
-2057 -287 0
-2058 -288 0
-2059 -289 0
-2060 -290 0
-2061 -291 0
-2062 -292 0
-2063 -293 0
-2064 -294 0
-2065 -295 0
-2066 -296 0
-2067 -297 0
-2068 -298 0
-2069 -299 0
-2070 -300 0
-2056 -301 0
-2057 -302 0
-2058 -303 0
-2059 -304 0
-2060 -305 0
-2061 -306 0
-2062 -307 0
-2063 -308 0
-2064 -309 0
-2065 -310 0
-2066 -311 0
-2067 -312 0
-2068 -313 0
-2069 -314 0
-2070 -315 0
-2056 -421 0
-2057 -422 0
-2058 -423 0
-2059 -424 0
-2060 -425 0
-2061 -426 0
-2062 -427 0
-2063 -428 0
-2064 -429 0
-2065 -430 0
-2066 -431 0
-2067 -432 0
-2068 -433 0
-2069 -434 0
-2070 -435 0
-2056 -481 0
-2057 -482 0
-2058 -483 0
-2059 -484 0
-2060 -485 0
-2061 -486 0
-2062 -487 0
-2063 -488 0
-2064 -489 0
-2065 -490 0
-2066 -491 0
-2067 -492 0
-2068 -493 0
-2069 -494 0
-2070 -495 0
-2056 -526 0
-2057 -527 0
-2058 -528 0
-2059 -529 0
-2060 -530 0
-2061 -531 0
-2062 -532 0
-2063 -533 0
-2064 -534 0
-2065 -535 0
-2066 -536 0
-2067 -537 0
-2068 -538 0
-2069 -539 0
-2070 -540 0
-2056 -661 0
-2057 -662 0
-2058 -663 0
-2059 -664 0
-2060 -665 0
-2061 -666 0
-2062 -667 0
-2063 -668 0
-2064 -669 0
-2065 -670 0
-2066 -671 0
-2067 -672 0
-2068 -673 0
-2069 -674 0
-2070 -675 0
-2056 -676 0
-2057 -677 0
-2058 -678 0
-2059 -679 0
-2060 -680 0
-2061 -681 0
-2062 -682 0
-2063 -683 0
-2064 -684 0
-2065 -685 0
-2066 -686 0
-2067 -687 0
-2068 -688 0
-2069 -689 0
-2070 -690 0
-2056 -691 0
-2057 -692 0
-2058 -693 0
-2059 -694 0
-2060 -695 0
-2061 -696 0
-2062 -697 0
-2063 -698 0
-2064 -699 0
-2065 -700 0
-2066 -701 0
-2067 -702 0
-2068 -703 0
-2069 -704 0
-2070 -705 0
-2056 -781 0
-2057 -782 0
-2058 -783 0
-2059 -784 0
-2060 -785 0
-2061 -786 0
-2062 -787 0
-2063 -788 0
-2064 -789 0
-2065 -790 0
-2066 -791 0
-2067 -792 0
-2068 -793 0
-2069 -794 0
-2070 -795 0
-2056 -796 0
-2057 -797 0
-2058 -798 0
-2059 -799 0
-2060 -800 0
-2061 -801 0
-2062 -802 0
-2063 -803 0
-2064 -804 0
-2065 -805 0
-2066 -806 0
-2067 -807 0
-2068 -808 0
-2069 -809 0
-2070 -810 0
-2056 -856 0
-2057 -857 0
-2058 -858 0
-2059 -859 0
-2060 -860 0
-2061 -861 0
-2062 -862 0
-2063 -863 0
-2064 -864 0
-2065 -865 0
-2066 -866 0
-2067 -867 0
-2068 -868 0
-2069 -869 0
-2070 -870 0
-2056 -871 0
-2057 -872 0
-2058 -873 0
-2059 -874 0
-2060 -875 0
-2061 -876 0
-2062 -877 0
-2063 -878 0
-2064 -879 0
-2065 -880 0
-2066 -881 0
-2067 -882 0
-2068 -883 0
-2069 -884 0
-2070 -885 0
-2056 -946 0
-2057 -947 0
-2058 -948 0
-2059 -949 0
-2060 -950 0
-2061 -951 0
-2062 -952 0
-2063 -953 0
-2064 -954 0
-2065 -955 0
-2066 -956 0
-2067 -957 0
-2068 -958 0
-2069 -959 0
-2070 -960 0
-2056 -1006 0
-2057 -1007 0
-2058 -1008 0
-2059 -1009 0
-2060 -1010 0
-2061 -1011 0
-2062 -1012 0
-2063 -1013 0
-2064 -1014 0
-2065 -1015 0
-2066 -1016 0
-2067 -1017 0
-2068 -1018 0
-2069 -1019 0
-2070 -1020 0
-2056 -1066 0
-2057 -1067 0
-2058 -1068 0
-2059 -1069 0
-2060 -1070 0
-2061 -1071 0
-2062 -1072 0
-2063 -1073 0
-2064 -1074 0
-2065 -1075 0
-2066 -1076 0
-2067 -1077 0
-2068 -1078 0
-2069 -1079 0
-2070 -1080 0
-2056 -1096 0
-2057 -1097 0
-2058 -1098 0
-2059 -1099 0
-2060 -1100 0
-2061 -1101 0
-2062 -1102 0
-2063 -1103 0
-2064 -1104 0
-2065 -1105 0
-2066 -1106 0
-2067 -1107 0
-2068 -1108 0
-2069 -1109 0
-2070 -1110 0
-2056 -1156 0
-2057 -1157 0
-2058 -1158 0
-2059 -1159 0
-2060 -1160 0
-2061 -1161 0
-2062 -1162 0
-2063 -1163 0
-2064 -1164 0
-2065 -1165 0
-2066 -1166 0
-2067 -1167 0
-2068 -1168 0
-2069 -1169 0
-2070 -1170 0
-2056 -1201 0
-2057 -1202 0
-2058 -1203 0
-2059 -1204 0
-2060 -1205 0
-2061 -1206 0
-2062 -1207 0
-2063 -1208 0
-2064 -1209 0
-2065 -1210 0
-2066 -1211 0
-2067 -1212 0
-2068 -1213 0
-2069 -1214 0
-2070 -1215 0
-2056 -1231 0
-2057 -1232 0
-2058 -1233 0
-2059 -1234 0
-2060 -1235 0
-2061 -1236 0
-2062 -1237 0
-2063 -1238 0
-2064 -1239 0
-2065 -1240 0
-2066 -1241 0
-2067 -1242 0
-2068 -1243 0
-2069 -1244 0
-2070 -1245 0
-2056 -1261 0
-2057 -1262 0
-2058 -1263 0
-2059 -1264 0
-2060 -1265 0
-2061 -1266 0
-2062 -1267 0
-2063 -1268 0
-2064 -1269 0
-2065 -1270 0
-2066 -1271 0
-2067 -1272 0
-2068 -1273 0
-2069 -1274 0
-2070 -1275 0
-2056 -1321 0
-2057 -1322 0
-2058 -1323 0
-2059 -1324 0
-2060 -1325 0
-2061 -1326 0
-2062 -1327 0
-2063 -1328 0
-2064 -1329 0
-2065 -1330 0
-2066 -1331 0
-2067 -1332 0
-2068 -1333 0
-2069 -1334 0
-2070 -1335 0
-2056 -1351 0
-2057 -1352 0
-2058 -1353 0
-2059 -1354 0
-2060 -1355 0
-2061 -1356 0
-2062 -1357 0
-2063 -1358 0
-2064 -1359 0
-2065 -1360 0
-2066 -1361 0
-2067 -1362 0
-2068 -1363 0
-2069 -1364 0
-2070 -1365 0
-2056 -1411 0
-2057 -1412 0
-2058 -1413 0
-2059 -1414 0
-2060 -1415 0
-2061 -1416 0
-2062 -1417 0
-2063 -1418 0
-2064 -1419 0
-2065 -1420 0
-2066 -1421 0
-2067 -1422 0
-2068 -1423 0
-2069 -1424 0
-2070 -1425 0
-2056 -1471 0
-2057 -1472 0
-2058 -1473 0
-2059 -1474 0
-2060 -1475 0
-2061 -1476 0
-2062 -1477 0
-2063 -1478 0
-2064 -1479 0
-2065 -1480 0
-2066 -1481 0
-2067 -1482 0
-2068 -1483 0
-2069 -1484 0
-2070 -1485 0
-2056 -1606 0
-2057 -1607 0
-2058 -1608 0
-2059 -1609 0
-2060 -1610 0
-2061 -1611 0
-2062 -1612 0
-2063 -1613 0
-2064 -1614 0
-2065 -1615 0
-2066 -1616 0
-2067 -1617 0
-2068 -1618 0
-2069 -1619 0
-2070 -1620 0
-2056 -1666 0
-2057 -1667 0
-2058 -1668 0
-2059 -1669 0
-2060 -1670 0
-2061 -1671 0
-2062 -1672 0
-2063 -1673 0
-2064 -1674 0
-2065 -1675 0
-2066 -1676 0
-2067 -1677 0
-2068 -1678 0
-2069 -1679 0
-2070 -1680 0
-2056 -1726 0
-2057 -1727 0
-2058 -1728 0
-2059 -1729 0
-2060 -1730 0
-2061 -1731 0
-2062 -1732 0
-2063 -1733 0
-2064 -1734 0
-2065 -1735 0
-2066 -1736 0
-2067 -1737 0
-2068 -1738 0
-2069 -1739 0
-2070 -1740 0
-2056 -1756 0
-2057 -1757 0
-2058 -1758 0
-2059 -1759 0
-2060 -1760 0
-2061 -1761 0
-2062 -1762 0
-2063 -1763 0
-2064 -1764 0
-2065 -1765 0
-2066 -1766 0
-2067 -1767 0
-2068 -1768 0
-2069 -1769 0
-2070 -1770 0
-2056 -1786 0
-2057 -1787 0
-2058 -1788 0
-2059 -1789 0
-2060 -1790 0
-2061 -1791 0
-2062 -1792 0
-2063 -1793 0
-2064 -1794 0
-2065 -1795 0
-2066 -1796 0
-2067 -1797 0
-2068 -1798 0
-2069 -1799 0
-2070 -1800 0
-2056 -1876 0
-2057 -1877 0
-2058 -1878 0
-2059 -1879 0
-2060 -1880 0
-2061 -1881 0
-2062 -1882 0
-2063 -1883 0
-2064 -1884 0
-2065 -1885 0
-2066 -1886 0
-2067 -1887 0
-2068 -1888 0
-2069 -1889 0
-2070 -1890 0
-2056 -1891 0
-2057 -1892 0
-2058 -1893 0
-2059 -1894 0
-2060 -1895 0
-2061 -1896 0
-2062 -1897 0
-2063 -1898 0
-2064 -1899 0
-2065 -1900 0
-2066 -1901 0
-2067 -1902 0
-2068 -1903 0
-2069 -1904 0
-2070 -1905 0
-2056 -1936 0
-2057 -1937 0
-2058 -1938 0
-2059 -1939 0
-2060 -1940 0
-2061 -1941 0
-2062 -1942 0
-2063 -1943 0
-2064 -1944 0
-2065 -1945 0
-2066 -1946 0
-2067 -1947 0
-2068 -1948 0
-2069 -1949 0
-2070 -1950 0
-2056 -1996 0
-2057 -1997 0
-2058 -1998 0
-2059 -1999 0
-2060 -2000 0
-2061 -2001 0
-2062 -2002 0
-2063 -2003 0
-2064 -2004 0
-2065 -2005 0
-2066 -2006 0
-2067 -2007 0
-2068 -2008 0
-2069 -2009 0
-2070 -2010 0
-2056 -2011 0
-2057 -2012 0
-2058 -2013 0
-2059 -2014 0
-2060 -2015 0
-2061 -2016 0
-2062 -2017 0
-2063 -2018 0
-2064 -2019 0
-2065 -2020 0
-2066 -2021 0
-2067 -2022 0
-2068 -2023 0
-2069 -2024 0
-2070 -2025 0
-2056 -2026 0
-2057 -2027 0
-2058 -2028 0
-2059 -2029 0
-2060 -2030 0
-2061 -2031 0
-2062 -2032 0
-2063 -2033 0
-2064 -2034 0
-2065 -2035 0
-2066 -2036 0
-2067 -2037 0
-2068 -2038 0
-2069 -2039 0
-2070 -2040 0
